user_id,plan,signup_date,churn_date
0,Free,2026-03-19 20:27:36.989848,
1,Pro,2026-03-11 20:27:36.989848,
2,Free,2026-03-01 20:27:36.989848,
3,Free,2026-03-30 20:27:36.989848,
4,Free,2026-02-20 20:27:36.989848,
5,Pro,2026-02-20 20:27:36.989848,
6,Free,2026-03-02 20:27:36.989848,
7,Free,2026-03-15 20:27:36.989848,
8,Free,2026-04-01 20:27:36.989848,2026-04-23 20:27:36.989848
9,Free,2026-04-06 20:27:36.989848,
10,Free,2026-04-11 20:27:36.989848,
11,Free,2026-04-10 20:27:36.989848,
12,Free,2026-03-08 20:27:36.989848,
13,Enterprise,2026-04-09 20:27:36.989848,
14,Free,2026-02-20 20:27:36.989848,
15,Free,2026-02-25 20:27:36.989848,
16,Pro,2026-03-25 20:27:36.989848,
17,Free,2026-03-30 20:27:36.989848,
18,Free,2026-04-13 20:27:36.989848,
19,Free,2026-03-08 20:27:36.989848,
20,Pro,2026-03-26 20:27:36.989848,
21,Pro,2026-02-26 20:27:36.989848,
22,Free,2026-03-30 20:27:36.989848,
23,Pro,2026-04-06 20:27:36.989848,
24,Free,2026-04-19 20:27:36.989848,
25,Free,2026-03-19 20:27:36.989848,
26,Free,2026-02-25 20:27:36.989848,
27,Free,2026-02-26 20:27:36.989848,2026-03-15 20:27:36.989848
28,Free,2026-02-26 20:27:36.989848,
29,Pro,2026-02-23 20:27:36.989848,
30,Free,2026-03-18 20:27:36.989848,
31,Free,2026-03-24 20:27:36.989848,2026-04-22 20:27:36.989848
32,Free,2026-03-27 20:27:36.989848,
33,Free,2026-03-17 20:27:36.989848,
34,Free,2026-04-06 20:27:36.989848,
35,Pro,2026-03-16 20:27:36.989848,
36,Free,2026-03-17 20:27:36.989848,
37,Free,2026-04-01 20:27:36.989848,
38,Free,2026-03-22 20:27:36.989848,
39,Free,2026-03-22 20:27:36.989848,
40,Free,2026-03-29 20:27:36.989848,
41,Pro,2026-03-26 20:27:36.989848,
42,Free,2026-04-10 20:27:36.989848,
43,Pro,2026-04-04 20:27:36.989848,
44,Free,2026-03-18 20:27:36.989848,
45,Free,2026-03-20 20:27:36.989848,
46,Free,2026-04-14 20:27:36.989848,
47,Free,2026-03-23 20:27:36.989848,
48,Free,2026-04-16 20:27:36.989848,
49,Pro,2026-03-29 20:27:36.989848,
50,Free,2026-03-27 20:27:36.989848,
51,Free,2026-03-14 20:27:36.989848,
52,Free,2026-03-22 20:27:36.989848,
53,Free,2026-04-08 20:27:36.989848,
54,Free,2026-03-29 20:27:36.989848,
55,Free,2026-04-08 20:27:36.989848,
56,Free,2026-02-20 20:27:36.989848,
57,Free,2026-03-27 20:27:36.989848,
58,Free,2026-02-20 20:27:36.989848,
59,Free,2026-02-24 20:27:36.989848,
60,Free,2026-03-01 20:27:36.989848,
61,Free,2026-03-28 20:27:36.989848,
62,Free,2026-02-24 20:27:36.989848,
63,Pro,2026-03-06 20:27:36.989848,
64,Free,2026-02-24 20:27:36.989848,
65,Pro,2026-04-19 20:27:36.989848,
66,Free,2026-02-21 20:27:36.989848,
67,Free,2026-02-25 20:27:36.989848,
68,Free,2026-03-29 20:27:36.989848,
69,Free,2026-03-18 20:27:36.989848,
70,Free,2026-03-21 20:27:36.989848,
71,Free,2026-04-19 20:27:36.989848,
72,Enterprise,2026-04-11 20:27:36.989848,
73,Free,2026-04-07 20:27:36.989848,
74,Free,2026-03-22 20:27:36.989848,
75,Free,2026-03-25 20:27:36.989848,
76,Pro,2026-03-10 20:27:36.989848,
77,Pro,2026-03-14 20:27:36.989848,
78,Pro,2026-03-26 20:27:36.989848,
79,Free,2026-03-25 20:27:36.989848,
80,Pro,2026-03-15 20:27:36.989848,2026-05-06 20:27:36.989848
81,Free,2026-04-13 20:27:36.989848,
82,Enterprise,2026-03-26 20:27:36.989848,
83,Free,2026-03-11 20:27:36.989848,
84,Free,2026-02-26 20:27:36.989848,
85,Free,2026-03-23 20:27:36.989848,
86,Free,2026-03-12 20:27:36.989848,
87,Free,2026-03-28 20:27:36.989848,
88,Free,2026-02-26 20:27:36.989848,
89,Pro,2026-03-20 20:27:36.989848,
90,Free,2026-03-23 20:27:36.989848,
91,Pro,2026-03-09 20:27:36.989848,
92,Pro,2026-03-07 20:27:36.989848,
93,Free,2026-04-05 20:27:36.989848,
94,Free,2026-03-31 20:27:36.989848,
95,Free,2026-04-05 20:27:36.989848,
96,Enterprise,2026-03-23 20:27:36.989848,2026-04-19 20:27:36.989848
97,Free,2026-03-23 20:27:36.989848,
98,Free,2026-03-15 20:27:36.989848,
99,Pro,2026-02-21 20:27:36.989848,
100,Free,2026-03-22 20:27:36.989848,
101,Free,2026-03-17 20:27:36.989848,
102,Free,2026-03-30 20:27:36.989848,
103,Pro,2026-04-07 20:27:36.989848,
104,Free,2026-03-16 20:27:36.989848,
105,Pro,2026-03-03 20:27:36.989848,2026-03-16 20:27:36.989848
106,Free,2026-04-04 20:27:36.989848,
107,Free,2026-04-05 20:27:36.989848,
108,Pro,2026-03-13 20:27:36.989848,2026-04-22 20:27:36.989848
109,Free,2026-03-13 20:27:36.989848,
110,Free,2026-04-17 20:27:36.989848,
111,Free,2026-04-17 20:27:36.989848,
112,Free,2026-04-01 20:27:36.989848,
113,Free,2026-04-19 20:27:36.989848,
114,Pro,2026-04-19 20:27:36.989848,
115,Free,2026-02-22 20:27:36.989848,
116,Free,2026-03-20 20:27:36.989848,
117,Free,2026-04-11 20:27:36.989848,2026-06-06 20:27:36.989848
118,Free,2026-03-20 20:27:36.989848,2026-04-14 20:27:36.989848
119,Free,2026-04-14 20:27:36.989848,
120,Free,2026-03-13 20:27:36.989848,
121,Free,2026-02-19 20:27:36.989848,
122,Free,2026-03-24 20:27:36.989848,
123,Free,2026-03-15 20:27:36.989848,
124,Free,2026-03-06 20:27:36.989848,
125,Free,2026-02-23 20:27:36.989848,
126,Free,2026-03-02 20:27:36.989848,
127,Free,2026-03-12 20:27:36.989848,2026-04-01 20:27:36.989848
128,Free,2026-04-06 20:27:36.989848,2026-05-28 20:27:36.989848
129,Enterprise,2026-02-23 20:27:36.989848,
130,Free,2026-04-07 20:27:36.989848,
131,Free,2026-03-20 20:27:36.989848,
132,Free,2026-04-13 20:27:36.989848,
133,Free,2026-03-21 20:27:36.989848,2026-04-15 20:27:36.989848
134,Free,2026-02-19 20:27:36.989848,
135,Free,2026-03-06 20:27:36.989848,2026-03-14 20:27:36.989848
136,Free,2026-03-22 20:27:36.989848,
137,Free,2026-04-09 20:27:36.989848,
138,Free,2026-04-10 20:27:36.989848,
139,Free,2026-02-19 20:27:36.989848,
140,Pro,2026-04-03 20:27:36.989848,
141,Free,2026-04-05 20:27:36.989848,2026-06-01 20:27:36.989848
142,Free,2026-03-13 20:27:36.989848,2026-03-27 20:27:36.989848
143,Free,2026-02-28 20:27:36.989848,2026-04-09 20:27:36.989848
144,Free,2026-02-25 20:27:36.989848,2026-04-25 20:27:36.989848
145,Free,2026-03-01 20:27:36.989848,
146,Pro,2026-03-11 20:27:36.989848,
147,Free,2026-03-27 20:27:36.989848,
148,Pro,2026-04-08 20:27:36.989848,
149,Free,2026-04-08 20:27:36.989848,
150,Free,2026-03-22 20:27:36.989848,
151,Free,2026-03-03 20:27:36.989848,
152,Free,2026-03-20 20:27:36.989848,
153,Free,2026-04-07 20:27:36.989848,
154,Free,2026-03-09 20:27:36.989848,
155,Free,2026-03-31 20:27:36.989848,
156,Free,2026-03-18 20:27:36.989848,
157,Enterprise,2026-03-09 20:27:36.989848,
158,Free,2026-02-23 20:27:36.989848,
159,Free,2026-04-18 20:27:36.989848,
160,Pro,2026-03-06 20:27:36.989848,
161,Free,2026-04-01 20:27:36.989848,
162,Enterprise,2026-04-17 20:27:36.989848,
163,Pro,2026-04-02 20:27:36.989848,
164,Enterprise,2026-02-27 20:27:36.989848,
165,Free,2026-03-28 20:27:36.989848,2026-04-16 20:27:36.989848
166,Free,2026-02-27 20:27:36.989848,
167,Pro,2026-02-23 20:27:36.989848,
168,Free,2026-02-26 20:27:36.989848,
169,Free,2026-04-11 20:27:36.989848,
170,Pro,2026-04-04 20:27:36.989848,
171,Free,2026-03-21 20:27:36.989848,
172,Free,2026-03-29 20:27:36.989848,
173,Pro,2026-03-29 20:27:36.989848,
174,Free,2026-04-09 20:27:36.989848,
175,Free,2026-03-18 20:27:36.989848,
176,Pro,2026-03-29 20:27:36.989848,
177,Free,2026-04-16 20:27:36.989848,
178,Free,2026-04-15 20:27:36.989848,
179,Free,2026-04-17 20:27:36.989848,2026-05-25 20:27:36.989848
180,Free,2026-04-06 20:27:36.989848,
181,Free,2026-03-01 20:27:36.989848,
182,Free,2026-03-09 20:27:36.989848,
183,Free,2026-03-31 20:27:36.989848,
184,Free,2026-02-19 20:27:36.989848,
185,Free,2026-03-06 20:27:36.989848,
186,Pro,2026-02-28 20:27:36.989848,
187,Pro,2026-03-02 20:27:36.989848,2026-04-30 20:27:36.989848
188,Free,2026-03-18 20:27:36.989848,
189,Free,2026-04-19 20:27:36.989848,
190,Free,2026-03-31 20:27:36.989848,
191,Free,2026-03-07 20:27:36.989848,
192,Free,2026-03-03 20:27:36.989848,
193,Free,2026-04-05 20:27:36.989848,2026-04-17 20:27:36.989848
194,Pro,2026-02-23 20:27:36.989848,
195,Free,2026-04-15 20:27:36.989848,
196,Free,2026-02-23 20:27:36.989848,2026-04-03 20:27:36.989848
197,Pro,2026-03-08 20:27:36.989848,
198,Free,2026-03-11 20:27:36.989848,
199,Free,2026-04-18 20:27:36.989848,
200,Pro,2026-03-24 20:27:36.989848,2026-03-31 20:27:36.989848
201,Free,2026-04-14 20:27:36.989848,
202,Pro,2026-03-21 20:27:36.989848,
203,Pro,2026-03-13 20:27:36.989848,
204,Pro,2026-02-28 20:27:36.989848,
205,Free,2026-02-27 20:27:36.989848,2026-04-25 20:27:36.989848
206,Free,2026-02-22 20:27:36.989848,
207,Free,2026-03-22 20:27:36.989848,2026-04-28 20:27:36.989848
208,Free,2026-03-16 20:27:36.989848,
209,Free,2026-02-21 20:27:36.989848,
210,Pro,2026-04-13 20:27:36.989848,
211,Free,2026-04-18 20:27:36.989848,
212,Free,2026-04-06 20:27:36.989848,
213,Pro,2026-03-04 20:27:36.989848,
214,Free,2026-03-28 20:27:36.989848,
215,Enterprise,2026-04-09 20:27:36.989848,
216,Free,2026-03-17 20:27:36.989848,2026-04-26 20:27:36.989848
217,Free,2026-03-28 20:27:36.989848,
218,Pro,2026-03-20 20:27:36.989848,
219,Pro,2026-02-23 20:27:36.989848,
220,Free,2026-03-07 20:27:36.989848,
221,Free,2026-03-14 20:27:36.989848,2026-03-26 20:27:36.989848
222,Free,2026-03-03 20:27:36.989848,
223,Free,2026-03-01 20:27:36.989848,2026-03-30 20:27:36.989848
224,Free,2026-03-21 20:27:36.989848,
225,Free,2026-02-22 20:27:36.989848,
226,Free,2026-02-21 20:27:36.989848,
227,Free,2026-03-22 20:27:36.989848,
228,Free,2026-03-09 20:27:36.989848,
229,Free,2026-04-01 20:27:36.989848,
230,Free,2026-02-19 20:27:36.989848,
231,Free,2026-04-05 20:27:36.989848,
232,Free,2026-04-04 20:27:36.989848,
233,Free,2026-04-06 20:27:36.989848,
234,Free,2026-03-20 20:27:36.989848,
235,Free,2026-03-07 20:27:36.989848,
236,Pro,2026-04-08 20:27:36.989848,
237,Enterprise,2026-04-06 20:27:36.989848,
238,Free,2026-03-16 20:27:36.989848,
239,Free,2026-02-20 20:27:36.989848,
240,Free,2026-04-15 20:27:36.989848,2026-04-24 20:27:36.989848
241,Pro,2026-04-05 20:27:36.989848,
242,Free,2026-03-08 20:27:36.989848,
243,Free,2026-03-05 20:27:36.989848,2026-04-17 20:27:36.989848
244,Free,2026-03-29 20:27:36.989848,
245,Free,2026-03-16 20:27:36.989848,
246,Free,2026-03-03 20:27:36.989848,
247,Free,2026-02-21 20:27:36.989848,
248,Free,2026-03-26 20:27:36.989848,
249,Free,2026-02-26 20:27:36.989848,
250,Free,2026-04-01 20:27:36.989848,
251,Free,2026-03-16 20:27:36.989848,
252,Free,2026-04-18 20:27:36.989848,
253,Free,2026-03-23 20:27:36.989848,2026-04-19 20:27:36.989848
254,Free,2026-04-14 20:27:36.989848,
255,Pro,2026-03-20 20:27:36.989848,
256,Pro,2026-04-14 20:27:36.989848,2026-05-21 20:27:36.989848
257,Free,2026-03-26 20:27:36.989848,
258,Pro,2026-03-10 20:27:36.989848,
259,Pro,2026-02-24 20:27:36.989848,
260,Free,2026-03-28 20:27:36.989848,
261,Pro,2026-03-05 20:27:36.989848,
262,Free,2026-04-04 20:27:36.989848,
263,Free,2026-04-13 20:27:36.989848,
264,Free,2026-03-10 20:27:36.989848,
265,Free,2026-03-16 20:27:36.989848,
266,Free,2026-03-01 20:27:36.989848,
267,Free,2026-02-21 20:27:36.989848,2026-04-18 20:27:36.989848
268,Free,2026-02-23 20:27:36.989848,2026-04-14 20:27:36.989848
269,Free,2026-03-30 20:27:36.989848,
270,Free,2026-03-27 20:27:36.989848,2026-04-11 20:27:36.989848
271,Free,2026-03-14 20:27:36.989848,
272,Pro,2026-03-21 20:27:36.989848,
273,Pro,2026-04-03 20:27:36.989848,
274,Pro,2026-03-01 20:27:36.989848,
275,Free,2026-03-25 20:27:36.989848,
276,Pro,2026-04-19 20:27:36.989848,
277,Free,2026-03-31 20:27:36.989848,
278,Pro,2026-03-25 20:27:36.989848,
279,Pro,2026-04-18 20:27:36.989848,
280,Pro,2026-03-15 20:27:36.989848,
281,Free,2026-03-30 20:27:36.989848,
282,Pro,2026-03-22 20:27:36.989848,
283,Free,2026-03-13 20:27:36.989848,
284,Free,2026-03-07 20:27:36.989848,
285,Free,2026-03-04 20:27:36.989848,2026-04-19 20:27:36.989848
286,Free,2026-04-10 20:27:36.989848,
287,Free,2026-04-10 20:27:36.989848,
288,Free,2026-03-05 20:27:36.989848,
289,Free,2026-03-20 20:27:36.989848,
290,Pro,2026-03-28 20:27:36.989848,
291,Pro,2026-03-17 20:27:36.989848,
292,Free,2026-03-12 20:27:36.989848,
293,Free,2026-02-28 20:27:36.989848,
294,Pro,2026-03-21 20:27:36.989848,
295,Free,2026-04-11 20:27:36.989848,
296,Pro,2026-02-23 20:27:36.989848,
297,Free,2026-04-04 20:27:36.989848,
298,Free,2026-04-10 20:27:36.989848,
299,Pro,2026-03-17 20:27:36.989848,
300,Free,2026-02-28 20:27:36.989848,
301,Free,2026-03-13 20:27:36.989848,
302,Pro,2026-03-02 20:27:36.989848,
303,Free,2026-03-08 20:27:36.989848,
304,Free,2026-04-19 20:27:36.989848,
305,Free,2026-04-07 20:27:36.989848,
306,Pro,2026-02-26 20:27:36.989848,
307,Pro,2026-03-21 20:27:36.989848,
308,Free,2026-03-19 20:27:36.989848,2026-05-05 20:27:36.989848
309,Pro,2026-03-13 20:27:36.989848,2026-04-25 20:27:36.989848
310,Enterprise,2026-04-05 20:27:36.989848,
311,Pro,2026-02-19 20:27:36.989848,
312,Free,2026-03-30 20:27:36.989848,
313,Free,2026-04-12 20:27:36.989848,
314,Pro,2026-04-12 20:27:36.989848,
315,Free,2026-04-11 20:27:36.989848,
316,Pro,2026-02-20 20:27:36.989848,
317,Free,2026-03-17 20:27:36.989848,
318,Free,2026-04-03 20:27:36.989848,
319,Free,2026-03-15 20:27:36.989848,
320,Free,2026-03-14 20:27:36.989848,
321,Pro,2026-04-02 20:27:36.989848,
322,Free,2026-03-11 20:27:36.989848,
323,Enterprise,2026-03-31 20:27:36.989848,2026-04-28 20:27:36.989848
324,Free,2026-03-30 20:27:36.989848,
325,Free,2026-03-03 20:27:36.989848,
326,Free,2026-04-15 20:27:36.989848,
327,Free,2026-03-19 20:27:36.989848,
328,Free,2026-03-06 20:27:36.989848,
329,Free,2026-03-04 20:27:36.989848,
330,Free,2026-04-13 20:27:36.989848,
331,Free,2026-03-28 20:27:36.989848,
332,Free,2026-02-26 20:27:36.989848,
333,Pro,2026-03-22 20:27:36.989848,
334,Pro,2026-03-24 20:27:36.989848,
335,Free,2026-03-18 20:27:36.989848,
336,Pro,2026-02-26 20:27:36.989848,2026-03-07 20:27:36.989848
337,Free,2026-04-18 20:27:36.989848,
338,Free,2026-04-16 20:27:36.989848,
339,Free,2026-03-23 20:27:36.989848,
340,Pro,2026-03-25 20:27:36.989848,
341,Pro,2026-04-15 20:27:36.989848,
342,Enterprise,2026-04-11 20:27:36.989848,
343,Free,2026-03-21 20:27:36.989848,
344,Free,2026-02-28 20:27:36.989848,2026-03-29 20:27:36.989848
345,Pro,2026-04-07 20:27:36.989848,
346,Free,2026-04-19 20:27:36.989848,
347,Pro,2026-02-23 20:27:36.989848,
348,Free,2026-02-20 20:27:36.989848,
349,Free,2026-03-10 20:27:36.989848,
350,Free,2026-03-20 20:27:36.989848,
351,Pro,2026-03-25 20:27:36.989848,
352,Pro,2026-03-14 20:27:36.989848,2026-04-19 20:27:36.989848
353,Free,2026-04-05 20:27:36.989848,
354,Free,2026-04-09 20:27:36.989848,2026-04-29 20:27:36.989848
355,Pro,2026-02-20 20:27:36.989848,
356,Free,2026-04-13 20:27:36.989848,
357,Free,2026-03-16 20:27:36.989848,
358,Free,2026-03-13 20:27:36.989848,
359,Pro,2026-03-11 20:27:36.989848,
360,Free,2026-03-24 20:27:36.989848,
361,Free,2026-04-17 20:27:36.989848,
362,Free,2026-03-12 20:27:36.989848,2026-04-18 20:27:36.989848
363,Pro,2026-03-30 20:27:36.989848,
364,Free,2026-04-12 20:27:36.989848,
365,Pro,2026-03-16 20:27:36.989848,
366,Pro,2026-04-05 20:27:36.989848,2026-05-24 20:27:36.989848
367,Free,2026-04-12 20:27:36.989848,
368,Free,2026-03-11 20:27:36.989848,
369,Free,2026-03-26 20:27:36.989848,
370,Free,2026-03-25 20:27:36.989848,
371,Free,2026-03-14 20:27:36.989848,
372,Pro,2026-03-23 20:27:36.989848,
373,Free,2026-03-09 20:27:36.989848,
374,Free,2026-04-18 20:27:36.989848,
375,Free,2026-03-16 20:27:36.989848,
376,Free,2026-03-30 20:27:36.989848,
377,Free,2026-04-02 20:27:36.989848,
378,Free,2026-03-25 20:27:36.989848,
379,Pro,2026-04-03 20:27:36.989848,
380,Free,2026-03-02 20:27:36.989848,
381,Free,2026-04-18 20:27:36.989848,
382,Pro,2026-04-16 20:27:36.989848,
383,Free,2026-03-06 20:27:36.989848,
384,Pro,2026-03-11 20:27:36.989848,
385,Pro,2026-03-06 20:27:36.989848,
386,Free,2026-03-15 20:27:36.989848,
387,Free,2026-03-31 20:27:36.989848,
388,Free,2026-02-28 20:27:36.989848,
389,Enterprise,2026-03-16 20:27:36.989848,
390,Pro,2026-03-04 20:27:36.989848,2026-03-17 20:27:36.989848
391,Free,2026-04-07 20:27:36.989848,2026-05-06 20:27:36.989848
392,Pro,2026-03-21 20:27:36.989848,
393,Pro,2026-03-08 20:27:36.989848,
394,Free,2026-03-04 20:27:36.989848,
395,Free,2026-04-19 20:27:36.989848,
396,Pro,2026-04-02 20:27:36.989848,
397,Pro,2026-04-03 20:27:36.989848,
398,Pro,2026-02-22 20:27:36.989848,
399,Free,2026-03-08 20:27:36.989848,
400,Free,2026-04-03 20:27:36.989848,
401,Free,2026-04-01 20:27:36.989848,
402,Free,2026-03-03 20:27:36.989848,
403,Pro,2026-03-25 20:27:36.989848,2026-05-16 20:27:36.989848
404,Free,2026-04-08 20:27:36.989848,
405,Free,2026-04-16 20:27:36.989848,
406,Free,2026-04-16 20:27:36.989848,
407,Free,2026-03-29 20:27:36.989848,
408,Pro,2026-04-08 20:27:36.989848,2026-04-28 20:27:36.989848
409,Free,2026-04-09 20:27:36.989848,
410,Free,2026-03-15 20:27:36.989848,
411,Pro,2026-03-05 20:27:36.989848,
412,Free,2026-03-14 20:27:36.989848,2026-04-26 20:27:36.989848
413,Pro,2026-04-02 20:27:36.989848,
414,Enterprise,2026-04-05 20:27:36.989848,
415,Pro,2026-03-24 20:27:36.989848,
416,Enterprise,2026-04-18 20:27:36.989848,
417,Pro,2026-04-13 20:27:36.989848,
418,Free,2026-02-28 20:27:36.989848,2026-04-01 20:27:36.989848
419,Free,2026-04-17 20:27:36.989848,
420,Free,2026-02-23 20:27:36.989848,
421,Free,2026-02-27 20:27:36.989848,
422,Enterprise,2026-04-18 20:27:36.989848,
423,Pro,2026-03-07 20:27:36.989848,
424,Pro,2026-03-28 20:27:36.989848,
425,Pro,2026-03-15 20:27:36.989848,
426,Free,2026-03-24 20:27:36.989848,
427,Free,2026-04-18 20:27:36.989848,2026-05-03 20:27:36.989848
428,Free,2026-03-24 20:27:36.989848,
429,Pro,2026-03-30 20:27:36.989848,
430,Pro,2026-03-24 20:27:36.989848,
431,Free,2026-02-26 20:27:36.989848,
432,Free,2026-03-08 20:27:36.989848,2026-05-01 20:27:36.989848
433,Free,2026-02-23 20:27:36.989848,
434,Free,2026-04-04 20:27:36.989848,
435,Free,2026-04-17 20:27:36.989848,
436,Free,2026-03-30 20:27:36.989848,
437,Free,2026-02-24 20:27:36.989848,
438,Pro,2026-03-18 20:27:36.989848,
439,Pro,2026-03-31 20:27:36.989848,
440,Free,2026-04-12 20:27:36.989848,
441,Free,2026-03-28 20:27:36.989848,
442,Pro,2026-04-04 20:27:36.989848,
443,Free,2026-03-13 20:27:36.989848,2026-04-20 20:27:36.989848
444,Free,2026-03-20 20:27:36.989848,
445,Free,2026-02-20 20:27:36.989848,
446,Free,2026-03-29 20:27:36.989848,
447,Free,2026-03-17 20:27:36.989848,
448,Free,2026-03-21 20:27:36.989848,
449,Free,2026-04-04 20:27:36.989848,
450,Free,2026-03-20 20:27:36.989848,2026-05-06 20:27:36.989848
451,Enterprise,2026-03-18 20:27:36.989848,
452,Pro,2026-03-19 20:27:36.989848,
453,Free,2026-03-26 20:27:36.989848,2026-04-28 20:27:36.989848
454,Free,2026-03-02 20:27:36.989848,2026-03-18 20:27:36.989848
455,Free,2026-03-12 20:27:36.989848,
456,Free,2026-04-09 20:27:36.989848,
457,Free,2026-03-02 20:27:36.989848,
458,Free,2026-03-02 20:27:36.989848,2026-03-19 20:27:36.989848
459,Pro,2026-04-06 20:27:36.989848,
460,Pro,2026-04-17 20:27:36.989848,2026-05-27 20:27:36.989848
461,Free,2026-03-19 20:27:36.989848,
462,Free,2026-03-31 20:27:36.989848,
463,Pro,2026-03-19 20:27:36.989848,
464,Pro,2026-04-06 20:27:36.989848,
465,Free,2026-03-17 20:27:36.989848,
466,Enterprise,2026-04-15 20:27:36.989848,
467,Pro,2026-03-06 20:27:36.989848,
468,Enterprise,2026-03-09 20:27:36.989848,
469,Enterprise,2026-02-19 20:27:36.989848,
470,Pro,2026-03-24 20:27:36.989848,
471,Free,2026-03-15 20:27:36.989848,
472,Free,2026-04-03 20:27:36.989848,
473,Enterprise,2026-04-05 20:27:36.989848,
474,Free,2026-02-26 20:27:36.989848,
475,Pro,2026-04-11 20:27:36.989848,2026-05-16 20:27:36.989848
476,Free,2026-04-12 20:27:36.989848,
477,Enterprise,2026-03-10 20:27:36.989848,
478,Free,2026-03-04 20:27:36.989848,
479,Free,2026-03-10 20:27:36.989848,
480,Free,2026-04-16 20:27:36.989848,
481,Free,2026-04-12 20:27:36.989848,
482,Pro,2026-03-01 20:27:36.989848,
483,Free,2026-03-11 20:27:36.989848,2026-04-04 20:27:36.989848
484,Free,2026-03-21 20:27:36.989848,
485,Free,2026-03-15 20:27:36.989848,
486,Pro,2026-02-26 20:27:36.989848,
487,Pro,2026-03-31 20:27:36.989848,
488,Enterprise,2026-03-22 20:27:36.989848,2026-04-19 20:27:36.989848
489,Free,2026-03-23 20:27:36.989848,
490,Free,2026-04-19 20:27:36.989848,2026-05-28 20:27:36.989848
491,Free,2026-03-03 20:27:36.989848,2026-03-22 20:27:36.989848
492,Free,2026-03-12 20:27:36.989848,
493,Enterprise,2026-03-16 20:27:36.989848,
494,Pro,2026-03-24 20:27:36.989848,2026-05-13 20:27:36.989848
495,Free,2026-03-01 20:27:36.989848,2026-03-13 20:27:36.989848
496,Free,2026-02-27 20:27:36.989848,2026-04-06 20:27:36.989848
497,Free,2026-03-02 20:27:36.989848,
498,Pro,2026-03-10 20:27:36.989848,
499,Pro,2026-02-25 20:27:36.989848,
500,Free,2026-02-24 20:27:36.989848,
501,Free,2026-02-21 20:27:36.989848,2026-04-10 20:27:36.989848
502,Free,2026-03-08 20:27:36.989848,2026-04-06 20:27:36.989848
503,Free,2026-03-15 20:27:36.989848,
504,Free,2026-04-14 20:27:36.989848,
505,Pro,2026-03-19 20:27:36.989848,
506,Free,2026-04-10 20:27:36.989848,
507,Free,2026-03-09 20:27:36.989848,
508,Enterprise,2026-03-31 20:27:36.989848,
509,Free,2026-04-10 20:27:36.989848,
510,Free,2026-03-05 20:27:36.989848,
511,Free,2026-03-20 20:27:36.989848,
512,Free,2026-03-14 20:27:36.989848,
513,Free,2026-04-03 20:27:36.989848,
514,Free,2026-04-09 20:27:36.989848,
515,Free,2026-03-26 20:27:36.989848,2026-05-05 20:27:36.989848
516,Free,2026-02-20 20:27:36.989848,
517,Pro,2026-03-29 20:27:36.989848,
518,Free,2026-04-13 20:27:36.989848,
519,Free,2026-03-08 20:27:36.989848,
520,Pro,2026-03-25 20:27:36.989848,
521,Free,2026-03-20 20:27:36.989848,
522,Free,2026-03-04 20:27:36.989848,
523,Free,2026-03-28 20:27:36.989848,
524,Free,2026-04-19 20:27:36.989848,
525,Free,2026-03-29 20:27:36.989848,
526,Free,2026-02-24 20:27:36.989848,
527,Free,2026-03-18 20:27:36.989848,
528,Free,2026-02-19 20:27:36.989848,
529,Free,2026-04-04 20:27:36.989848,
530,Free,2026-02-28 20:27:36.989848,2026-03-20 20:27:36.989848
531,Free,2026-03-19 20:27:36.989848,
532,Pro,2026-02-19 20:27:36.989848,
533,Free,2026-03-02 20:27:36.989848,
534,Free,2026-03-10 20:27:36.989848,
535,Free,2026-04-06 20:27:36.989848,
536,Free,2026-04-08 20:27:36.989848,
537,Free,2026-04-06 20:27:36.989848,
538,Free,2026-03-10 20:27:36.989848,
539,Free,2026-03-27 20:27:36.989848,
540,Free,2026-04-14 20:27:36.989848,
541,Free,2026-04-18 20:27:36.989848,
542,Free,2026-03-04 20:27:36.989848,
543,Free,2026-04-09 20:27:36.989848,
544,Free,2026-03-24 20:27:36.989848,
545,Enterprise,2026-03-29 20:27:36.989848,
546,Free,2026-04-09 20:27:36.989848,
547,Free,2026-03-13 20:27:36.989848,2026-05-03 20:27:36.989848
548,Free,2026-04-09 20:27:36.989848,
549,Free,2026-04-09 20:27:36.989848,
550,Pro,2026-03-19 20:27:36.989848,
551,Pro,2026-03-12 20:27:36.989848,
552,Free,2026-04-14 20:27:36.989848,
553,Free,2026-04-09 20:27:36.989848,
554,Pro,2026-04-06 20:27:36.989848,
555,Free,2026-02-26 20:27:36.989848,
556,Pro,2026-02-19 20:27:36.989848,
557,Free,2026-04-12 20:27:36.989848,
558,Free,2026-03-18 20:27:36.989848,
559,Free,2026-02-27 20:27:36.989848,
560,Enterprise,2026-03-03 20:27:36.989848,
561,Free,2026-03-31 20:27:36.989848,2026-05-10 20:27:36.989848
562,Free,2026-04-05 20:27:36.989848,
563,Free,2026-03-24 20:27:36.989848,
564,Pro,2026-03-09 20:27:36.989848,
565,Free,2026-04-13 20:27:36.989848,
566,Free,2026-02-19 20:27:36.989848,
567,Free,2026-03-11 20:27:36.989848,
568,Free,2026-03-23 20:27:36.989848,
569,Free,2026-04-03 20:27:36.989848,2026-04-20 20:27:36.989848
570,Free,2026-04-05 20:27:36.989848,
571,Pro,2026-02-27 20:27:36.989848,
572,Pro,2026-04-07 20:27:36.989848,
573,Pro,2026-03-19 20:27:36.989848,
574,Free,2026-03-24 20:27:36.989848,
575,Free,2026-03-26 20:27:36.989848,
576,Pro,2026-02-24 20:27:36.989848,
577,Pro,2026-04-02 20:27:36.989848,2026-05-01 20:27:36.989848
578,Free,2026-03-06 20:27:36.989848,
579,Pro,2026-03-15 20:27:36.989848,
580,Free,2026-02-22 20:27:36.989848,
581,Free,2026-03-24 20:27:36.989848,
582,Free,2026-04-12 20:27:36.989848,
583,Free,2026-04-06 20:27:36.989848,
584,Free,2026-04-01 20:27:36.989848,
585,Pro,2026-04-08 20:27:36.989848,
586,Pro,2026-03-20 20:27:36.989848,
587,Free,2026-02-28 20:27:36.989848,
588,Free,2026-04-15 20:27:36.989848,
589,Free,2026-04-15 20:27:36.989848,
590,Free,2026-02-25 20:27:36.989848,
591,Free,2026-04-04 20:27:36.989848,
592,Enterprise,2026-04-14 20:27:36.989848,
593,Free,2026-03-18 20:27:36.989848,
594,Free,2026-02-28 20:27:36.989848,
595,Free,2026-04-01 20:27:36.989848,
596,Free,2026-03-16 20:27:36.989848,
597,Free,2026-03-14 20:27:36.989848,
598,Free,2026-02-28 20:27:36.989848,
599,Pro,2026-02-28 20:27:36.989848,
600,Free,2026-04-06 20:27:36.989848,
601,Pro,2026-03-23 20:27:36.989848,
602,Free,2026-04-07 20:27:36.989848,
603,Free,2026-02-25 20:27:36.989848,
604,Free,2026-03-04 20:27:36.989848,
605,Free,2026-03-15 20:27:36.989848,
606,Free,2026-03-11 20:27:36.989848,
607,Free,2026-03-29 20:27:36.989848,
608,Free,2026-03-14 20:27:36.989848,2026-04-08 20:27:36.989848
609,Free,2026-03-28 20:27:36.989848,
610,Free,2026-04-05 20:27:36.989848,
611,Free,2026-03-26 20:27:36.989848,
612,Free,2026-04-18 20:27:36.989848,
613,Free,2026-03-03 20:27:36.989848,
614,Free,2026-02-23 20:27:36.989848,2026-04-02 20:27:36.989848
615,Free,2026-03-28 20:27:36.989848,
616,Free,2026-04-03 20:27:36.989848,
617,Free,2026-02-24 20:27:36.989848,2026-04-15 20:27:36.989848
618,Free,2026-03-07 20:27:36.989848,
619,Free,2026-04-11 20:27:36.989848,2026-05-31 20:27:36.989848
620,Free,2026-02-23 20:27:36.989848,
621,Free,2026-04-16 20:27:36.989848,
622,Free,2026-03-20 20:27:36.989848,
623,Pro,2026-03-07 20:27:36.989848,
624,Enterprise,2026-02-21 20:27:36.989848,
625,Free,2026-03-18 20:27:36.989848,
626,Free,2026-03-10 20:27:36.989848,
627,Free,2026-04-16 20:27:36.989848,
628,Free,2026-03-12 20:27:36.989848,2026-04-26 20:27:36.989848
629,Pro,2026-04-12 20:27:36.989848,
630,Pro,2026-03-24 20:27:36.989848,2026-05-05 20:27:36.989848
631,Free,2026-04-09 20:27:36.989848,
632,Free,2026-02-20 20:27:36.989848,
633,Free,2026-03-01 20:27:36.989848,
634,Free,2026-03-16 20:27:36.989848,
635,Free,2026-03-25 20:27:36.989848,
636,Free,2026-04-19 20:27:36.989848,
637,Free,2026-04-06 20:27:36.989848,
638,Free,2026-04-04 20:27:36.989848,
639,Pro,2026-03-20 20:27:36.989848,
640,Free,2026-02-25 20:27:36.989848,
641,Free,2026-03-11 20:27:36.989848,2026-04-13 20:27:36.989848
642,Free,2026-03-08 20:27:36.989848,
643,Free,2026-02-28 20:27:36.989848,
644,Free,2026-04-13 20:27:36.989848,
645,Free,2026-02-19 20:27:36.989848,
646,Pro,2026-04-11 20:27:36.989848,
647,Free,2026-03-15 20:27:36.989848,
648,Free,2026-03-11 20:27:36.989848,2026-04-11 20:27:36.989848
649,Free,2026-04-04 20:27:36.989848,
650,Enterprise,2026-03-22 20:27:36.989848,
651,Pro,2026-03-10 20:27:36.989848,
652,Free,2026-02-24 20:27:36.989848,2026-04-14 20:27:36.989848
653,Free,2026-04-19 20:27:36.989848,
654,Free,2026-02-23 20:27:36.989848,
655,Free,2026-02-20 20:27:36.989848,
656,Pro,2026-03-21 20:27:36.989848,
657,Enterprise,2026-03-09 20:27:36.989848,
658,Free,2026-03-18 20:27:36.989848,
659,Free,2026-03-06 20:27:36.989848,
660,Free,2026-02-22 20:27:36.989848,
661,Pro,2026-03-29 20:27:36.989848,
662,Free,2026-03-26 20:27:36.989848,
663,Free,2026-03-27 20:27:36.989848,
664,Free,2026-03-25 20:27:36.989848,
665,Free,2026-03-04 20:27:36.989848,
666,Free,2026-02-23 20:27:36.989848,2026-03-03 20:27:36.989848
667,Free,2026-03-11 20:27:36.989848,2026-04-01 20:27:36.989848
668,Free,2026-03-13 20:27:36.989848,2026-04-27 20:27:36.989848
669,Free,2026-03-03 20:27:36.989848,2026-04-28 20:27:36.989848
670,Free,2026-04-12 20:27:36.989848,
671,Enterprise,2026-03-26 20:27:36.989848,
672,Free,2026-03-01 20:27:36.989848,
673,Pro,2026-04-14 20:27:36.989848,2026-04-24 20:27:36.989848
674,Pro,2026-04-07 20:27:36.989848,
675,Free,2026-03-31 20:27:36.989848,
676,Pro,2026-04-01 20:27:36.989848,
677,Pro,2026-03-31 20:27:36.989848,2026-04-15 20:27:36.989848
678,Pro,2026-02-20 20:27:36.989848,
679,Free,2026-02-28 20:27:36.989848,
680,Free,2026-03-30 20:27:36.989848,
681,Free,2026-03-24 20:27:36.989848,
682,Free,2026-04-08 20:27:36.989848,
683,Free,2026-03-14 20:27:36.989848,
684,Free,2026-04-03 20:27:36.989848,
685,Free,2026-03-03 20:27:36.989848,2026-04-01 20:27:36.989848
686,Pro,2026-04-04 20:27:36.989848,
687,Free,2026-03-07 20:27:36.989848,
688,Pro,2026-04-17 20:27:36.989848,
689,Enterprise,2026-04-11 20:27:36.989848,
690,Free,2026-03-18 20:27:36.989848,
691,Free,2026-02-23 20:27:36.989848,
692,Pro,2026-02-28 20:27:36.989848,2026-04-07 20:27:36.989848
693,Free,2026-03-07 20:27:36.989848,
694,Pro,2026-03-15 20:27:36.989848,
695,Free,2026-02-21 20:27:36.989848,2026-03-03 20:27:36.989848
696,Pro,2026-03-31 20:27:36.989848,
697,Free,2026-04-09 20:27:36.989848,
698,Free,2026-03-17 20:27:36.989848,
699,Free,2026-04-12 20:27:36.989848,
700,Free,2026-03-22 20:27:36.989848,
701,Free,2026-03-05 20:27:36.989848,2026-03-29 20:27:36.989848
702,Free,2026-03-15 20:27:36.989848,
703,Free,2026-04-17 20:27:36.989848,
704,Pro,2026-03-20 20:27:36.989848,
705,Free,2026-04-10 20:27:36.989848,
706,Free,2026-03-25 20:27:36.989848,
707,Free,2026-03-29 20:27:36.989848,
708,Pro,2026-03-08 20:27:36.989848,
709,Free,2026-02-26 20:27:36.989848,
710,Free,2026-03-13 20:27:36.989848,
711,Free,2026-03-12 20:27:36.989848,
712,Free,2026-03-18 20:27:36.989848,2026-04-11 20:27:36.989848
713,Free,2026-03-11 20:27:36.989848,
714,Pro,2026-03-21 20:27:36.989848,
715,Free,2026-04-03 20:27:36.989848,
716,Free,2026-03-23 20:27:36.989848,
717,Free,2026-03-09 20:27:36.989848,
718,Free,2026-04-03 20:27:36.989848,
719,Pro,2026-04-06 20:27:36.989848,
720,Free,2026-02-26 20:27:36.989848,
721,Pro,2026-02-19 20:27:36.989848,
722,Free,2026-04-01 20:27:36.989848,
723,Free,2026-03-11 20:27:36.989848,
724,Free,2026-03-17 20:27:36.989848,
725,Free,2026-02-27 20:27:36.989848,
726,Free,2026-03-16 20:27:36.989848,
727,Pro,2026-03-04 20:27:36.989848,
728,Enterprise,2026-04-16 20:27:36.989848,
729,Pro,2026-03-21 20:27:36.989848,
730,Pro,2026-03-27 20:27:36.989848,2026-05-19 20:27:36.989848
731,Free,2026-03-10 20:27:36.989848,
732,Free,2026-03-16 20:27:36.989848,
733,Free,2026-03-30 20:27:36.989848,
734,Free,2026-04-05 20:27:36.989848,
735,Pro,2026-03-10 20:27:36.989848,
736,Pro,2026-03-19 20:27:36.989848,
737,Free,2026-03-06 20:27:36.989848,
738,Pro,2026-04-15 20:27:36.989848,
739,Free,2026-03-08 20:27:36.989848,
740,Free,2026-03-09 20:27:36.989848,
741,Free,2026-03-12 20:27:36.989848,
742,Pro,2026-04-17 20:27:36.989848,
743,Pro,2026-03-09 20:27:36.989848,
744,Free,2026-04-14 20:27:36.989848,
745,Free,2026-04-11 20:27:36.989848,2026-05-15 20:27:36.989848
746,Pro,2026-03-01 20:27:36.989848,
747,Free,2026-03-23 20:27:36.989848,
748,Free,2026-04-07 20:27:36.989848,
749,Free,2026-04-06 20:27:36.989848,
750,Free,2026-02-27 20:27:36.989848,
751,Free,2026-04-11 20:27:36.989848,
752,Free,2026-03-03 20:27:36.989848,
753,Free,2026-04-13 20:27:36.989848,
754,Free,2026-04-04 20:27:36.989848,
755,Free,2026-03-25 20:27:36.989848,
756,Pro,2026-03-19 20:27:36.989848,
757,Free,2026-03-11 20:27:36.989848,
758,Free,2026-02-24 20:27:36.989848,
759,Free,2026-03-29 20:27:36.989848,
760,Free,2026-04-16 20:27:36.989848,2026-06-02 20:27:36.989848
761,Free,2026-04-19 20:27:36.989848,2026-05-26 20:27:36.989848
762,Pro,2026-03-15 20:27:36.989848,
763,Free,2026-04-03 20:27:36.989848,2026-05-01 20:27:36.989848
764,Free,2026-03-25 20:27:36.989848,
765,Pro,2026-02-28 20:27:36.989848,
766,Pro,2026-04-01 20:27:36.989848,
767,Free,2026-02-27 20:27:36.989848,
768,Free,2026-03-10 20:27:36.989848,
769,Free,2026-03-11 20:27:36.989848,
770,Free,2026-02-25 20:27:36.989848,2026-03-18 20:27:36.989848
771,Free,2026-04-15 20:27:36.989848,
772,Free,2026-04-07 20:27:36.989848,
773,Free,2026-04-03 20:27:36.989848,
774,Free,2026-03-27 20:27:36.989848,
775,Free,2026-02-21 20:27:36.989848,
776,Free,2026-04-08 20:27:36.989848,
777,Enterprise,2026-03-02 20:27:36.989848,
778,Free,2026-04-09 20:27:36.989848,
779,Free,2026-04-16 20:27:36.989848,
780,Free,2026-03-07 20:27:36.989848,
781,Free,2026-03-18 20:27:36.989848,
782,Free,2026-03-12 20:27:36.989848,
783,Free,2026-04-05 20:27:36.989848,
784,Free,2026-03-11 20:27:36.989848,2026-04-08 20:27:36.989848
785,Pro,2026-02-20 20:27:36.989848,2026-03-14 20:27:36.989848
786,Free,2026-03-29 20:27:36.989848,
787,Free,2026-03-30 20:27:36.989848,2026-04-15 20:27:36.989848
788,Enterprise,2026-04-10 20:27:36.989848,
789,Free,2026-02-25 20:27:36.989848,
790,Free,2026-02-22 20:27:36.989848,
791,Free,2026-04-15 20:27:36.989848,2026-05-06 20:27:36.989848
792,Pro,2026-03-18 20:27:36.989848,
793,Pro,2026-03-30 20:27:36.989848,
794,Pro,2026-02-20 20:27:36.989848,2026-03-01 20:27:36.989848
795,Pro,2026-03-23 20:27:36.989848,
796,Pro,2026-03-29 20:27:36.989848,
797,Pro,2026-04-09 20:27:36.989848,2026-04-20 20:27:36.989848
798,Enterprise,2026-04-15 20:27:36.989848,
799,Free,2026-04-19 20:27:36.989848,
800,Free,2026-03-11 20:27:36.989848,
801,Free,2026-03-05 20:27:36.989848,
802,Free,2026-04-01 20:27:36.989848,
803,Free,2026-02-20 20:27:36.989848,
804,Pro,2026-02-21 20:27:36.989848,
805,Free,2026-03-28 20:27:36.989848,2026-04-04 20:27:36.989848
806,Free,2026-02-26 20:27:36.989848,
807,Free,2026-04-02 20:27:36.989848,
808,Pro,2026-04-05 20:27:36.989848,2026-05-13 20:27:36.989848
809,Free,2026-03-01 20:27:36.989848,
810,Enterprise,2026-04-04 20:27:36.989848,
811,Free,2026-03-03 20:27:36.989848,
812,Enterprise,2026-04-17 20:27:36.989848,
813,Free,2026-03-17 20:27:36.989848,
814,Free,2026-02-22 20:27:36.989848,
815,Pro,2026-02-23 20:27:36.989848,
816,Free,2026-02-27 20:27:36.989848,
817,Free,2026-03-09 20:27:36.989848,
818,Enterprise,2026-02-20 20:27:36.989848,
819,Free,2026-03-11 20:27:36.989848,
820,Pro,2026-03-02 20:27:36.989848,
821,Free,2026-03-11 20:27:36.989848,2026-04-12 20:27:36.989848
822,Free,2026-03-11 20:27:36.989848,
823,Pro,2026-04-10 20:27:36.989848,
824,Pro,2026-04-16 20:27:36.989848,
825,Free,2026-03-07 20:27:36.989848,
826,Free,2026-03-05 20:27:36.989848,
827,Free,2026-03-06 20:27:36.989848,2026-04-16 20:27:36.989848
828,Free,2026-03-18 20:27:36.989848,
829,Free,2026-03-10 20:27:36.989848,
830,Pro,2026-03-13 20:27:36.989848,2026-03-22 20:27:36.989848
831,Free,2026-03-15 20:27:36.989848,
832,Free,2026-03-11 20:27:36.989848,2026-05-09 20:27:36.989848
833,Free,2026-04-11 20:27:36.989848,
834,Pro,2026-03-29 20:27:36.989848,
835,Free,2026-03-05 20:27:36.989848,
836,Pro,2026-04-18 20:27:36.989848,2026-05-21 20:27:36.989848
837,Free,2026-04-05 20:27:36.989848,
838,Pro,2026-02-26 20:27:36.989848,2026-03-23 20:27:36.989848
839,Enterprise,2026-03-04 20:27:36.989848,
840,Free,2026-03-30 20:27:36.989848,
841,Pro,2026-03-13 20:27:36.989848,2026-04-07 20:27:36.989848
842,Enterprise,2026-02-21 20:27:36.989848,
843,Pro,2026-03-10 20:27:36.989848,
844,Free,2026-02-27 20:27:36.989848,
845,Pro,2026-04-19 20:27:36.989848,
846,Free,2026-04-15 20:27:36.989848,
847,Free,2026-03-30 20:27:36.989848,
848,Free,2026-03-23 20:27:36.989848,
849,Free,2026-03-01 20:27:36.989848,2026-04-17 20:27:36.989848
850,Free,2026-03-20 20:27:36.989848,
851,Free,2026-03-18 20:27:36.989848,
852,Free,2026-04-05 20:27:36.989848,
853,Enterprise,2026-04-14 20:27:36.989848,
854,Pro,2026-04-07 20:27:36.989848,2026-05-18 20:27:36.989848
855,Free,2026-04-05 20:27:36.989848,
856,Free,2026-02-23 20:27:36.989848,
857,Free,2026-04-03 20:27:36.989848,2026-04-18 20:27:36.989848
858,Pro,2026-02-22 20:27:36.989848,
859,Free,2026-03-22 20:27:36.989848,
860,Free,2026-04-06 20:27:36.989848,2026-04-24 20:27:36.989848
861,Free,2026-03-05 20:27:36.989848,
862,Pro,2026-03-19 20:27:36.989848,
863,Pro,2026-03-28 20:27:36.989848,
864,Pro,2026-02-22 20:27:36.989848,
865,Free,2026-02-22 20:27:36.989848,
866,Free,2026-03-12 20:27:36.989848,
867,Free,2026-03-17 20:27:36.989848,
868,Free,2026-03-13 20:27:36.989848,
869,Pro,2026-03-08 20:27:36.989848,
870,Free,2026-03-16 20:27:36.989848,
871,Free,2026-04-01 20:27:36.989848,
872,Free,2026-04-08 20:27:36.989848,
873,Free,2026-04-07 20:27:36.989848,
874,Free,2026-03-03 20:27:36.989848,
875,Pro,2026-04-08 20:27:36.989848,
876,Free,2026-04-19 20:27:36.989848,
877,Free,2026-04-12 20:27:36.989848,
878,Free,2026-04-02 20:27:36.989848,2026-05-19 20:27:36.989848
879,Free,2026-03-27 20:27:36.989848,
880,Pro,2026-03-11 20:27:36.989848,
881,Free,2026-03-31 20:27:36.989848,2026-04-17 20:27:36.989848
882,Free,2026-03-01 20:27:36.989848,2026-04-22 20:27:36.989848
883,Free,2026-03-30 20:27:36.989848,
884,Free,2026-02-26 20:27:36.989848,
885,Free,2026-04-07 20:27:36.989848,
886,Pro,2026-03-18 20:27:36.989848,
887,Free,2026-03-17 20:27:36.989848,2026-04-22 20:27:36.989848
888,Free,2026-03-13 20:27:36.989848,2026-04-08 20:27:36.989848
889,Free,2026-02-20 20:27:36.989848,
890,Pro,2026-03-26 20:27:36.989848,
891,Free,2026-03-18 20:27:36.989848,
892,Pro,2026-03-02 20:27:36.989848,2026-03-23 20:27:36.989848
893,Pro,2026-02-20 20:27:36.989848,
894,Free,2026-02-20 20:27:36.989848,
895,Free,2026-03-04 20:27:36.989848,
896,Pro,2026-04-16 20:27:36.989848,
897,Free,2026-02-24 20:27:36.989848,2026-03-04 20:27:36.989848
898,Free,2026-02-21 20:27:36.989848,
899,Free,2026-03-07 20:27:36.989848,
900,Free,2026-04-02 20:27:36.989848,
901,Free,2026-03-16 20:27:36.989848,
902,Pro,2026-03-21 20:27:36.989848,
903,Pro,2026-03-28 20:27:36.989848,
904,Free,2026-03-08 20:27:36.989848,
905,Free,2026-02-27 20:27:36.989848,
906,Pro,2026-04-19 20:27:36.989848,
907,Free,2026-02-21 20:27:36.989848,
908,Pro,2026-03-13 20:27:36.989848,
909,Free,2026-04-17 20:27:36.989848,
910,Free,2026-04-19 20:27:36.989848,
911,Free,2026-04-15 20:27:36.989848,
912,Free,2026-03-27 20:27:36.989848,
913,Free,2026-03-10 20:27:36.989848,
914,Free,2026-03-08 20:27:36.989848,
915,Free,2026-03-21 20:27:36.989848,
916,Free,2026-04-08 20:27:36.989848,
917,Free,2026-03-24 20:27:36.989848,
918,Free,2026-03-28 20:27:36.989848,
919,Free,2026-04-04 20:27:36.989848,
920,Free,2026-03-14 20:27:36.989848,
921,Enterprise,2026-02-22 20:27:36.989848,2026-04-15 20:27:36.989848
922,Free,2026-03-17 20:27:36.989848,
923,Free,2026-04-18 20:27:36.989848,2026-06-16 20:27:36.989848
924,Free,2026-03-27 20:27:36.989848,
925,Free,2026-04-19 20:27:36.989848,
926,Pro,2026-02-22 20:27:36.989848,
927,Free,2026-03-19 20:27:36.989848,
928,Enterprise,2026-04-11 20:27:36.989848,2026-05-19 20:27:36.989848
929,Free,2026-02-22 20:27:36.989848,
930,Free,2026-03-03 20:27:36.989848,
931,Pro,2026-04-18 20:27:36.989848,
932,Free,2026-03-24 20:27:36.989848,
933,Free,2026-04-08 20:27:36.989848,
934,Free,2026-03-11 20:27:36.989848,
935,Free,2026-04-10 20:27:36.989848,
936,Free,2026-03-25 20:27:36.989848,
937,Pro,2026-03-26 20:27:36.989848,
938,Enterprise,2026-04-19 20:27:36.989848,
939,Free,2026-03-14 20:27:36.989848,
940,Free,2026-03-11 20:27:36.989848,2026-03-22 20:27:36.989848
941,Free,2026-03-26 20:27:36.989848,
942,Free,2026-03-17 20:27:36.989848,
943,Pro,2026-04-04 20:27:36.989848,
944,Free,2026-04-13 20:27:36.989848,
945,Free,2026-03-07 20:27:36.989848,
946,Free,2026-04-17 20:27:36.989848,
947,Free,2026-03-09 20:27:36.989848,
948,Free,2026-04-11 20:27:36.989848,
949,Free,2026-04-17 20:27:36.989848,
950,Free,2026-03-14 20:27:36.989848,
951,Free,2026-04-16 20:27:36.989848,
952,Pro,2026-04-12 20:27:36.989848,
953,Free,2026-04-10 20:27:36.989848,
954,Free,2026-02-25 20:27:36.989848,
955,Free,2026-02-27 20:27:36.989848,2026-04-19 20:27:36.989848
956,Free,2026-04-08 20:27:36.989848,
957,Free,2026-03-28 20:27:36.989848,
958,Free,2026-04-06 20:27:36.989848,
959,Pro,2026-03-06 20:27:36.989848,
960,Pro,2026-03-12 20:27:36.989848,
961,Free,2026-04-01 20:27:36.989848,
962,Free,2026-03-02 20:27:36.989848,
963,Free,2026-04-15 20:27:36.989848,
964,Pro,2026-03-25 20:27:36.989848,
965,Free,2026-04-08 20:27:36.989848,2026-05-14 20:27:36.989848
966,Free,2026-02-19 20:27:36.989848,
967,Free,2026-03-05 20:27:36.989848,2026-04-20 20:27:36.989848
968,Pro,2026-04-19 20:27:36.989848,
969,Pro,2026-03-26 20:27:36.989848,
970,Free,2026-03-13 20:27:36.989848,
971,Free,2026-02-22 20:27:36.989848,
972,Free,2026-03-25 20:27:36.989848,
973,Free,2026-03-03 20:27:36.989848,
974,Free,2026-03-09 20:27:36.989848,
975,Free,2026-03-30 20:27:36.989848,2026-05-09 20:27:36.989848
976,Pro,2026-03-06 20:27:36.989848,
977,Free,2026-03-16 20:27:36.989848,
978,Free,2026-04-19 20:27:36.989848,
979,Free,2026-03-13 20:27:36.989848,
980,Free,2026-03-17 20:27:36.989848,2026-05-01 20:27:36.989848
981,Free,2026-02-19 20:27:36.989848,
982,Free,2026-03-03 20:27:36.989848,
983,Free,2026-04-16 20:27:36.989848,
984,Free,2026-04-14 20:27:36.989848,
985,Free,2026-02-28 20:27:36.989848,
986,Free,2026-03-10 20:27:36.989848,
987,Free,2026-03-18 20:27:36.989848,
988,Free,2026-03-05 20:27:36.989848,
989,Free,2026-03-03 20:27:36.989848,
990,Pro,2026-03-02 20:27:36.989848,
991,Free,2026-03-08 20:27:36.989848,
992,Pro,2026-03-31 20:27:36.989848,
993,Free,2026-03-21 20:27:36.989848,
994,Pro,2026-03-08 20:27:36.989848,
995,Pro,2026-03-13 20:27:36.989848,
996,Free,2026-02-24 20:27:36.989848,
997,Pro,2026-03-19 20:27:36.989848,
998,Pro,2026-04-02 20:27:36.989848,
999,Pro,2026-04-03 20:27:36.989848,
1000,Pro,2026-04-10 20:27:36.989848,
1001,Pro,2026-04-07 20:27:36.989848,
1002,Free,2026-03-07 20:27:36.989848,
1003,Free,2026-03-23 20:27:36.989848,
1004,Pro,2026-04-14 20:27:36.989848,2026-05-13 20:27:36.989848
1005,Free,2026-04-02 20:27:36.989848,
1006,Enterprise,2026-04-03 20:27:36.989848,2026-04-13 20:27:36.989848
1007,Pro,2026-03-20 20:27:36.989848,
1008,Free,2026-03-09 20:27:36.989848,
1009,Free,2026-03-27 20:27:36.989848,
1010,Free,2026-03-31 20:27:36.989848,
1011,Free,2026-03-04 20:27:36.989848,
1012,Free,2026-02-25 20:27:36.989848,
1013,Free,2026-03-03 20:27:36.989848,
1014,Pro,2026-02-27 20:27:36.989848,
1015,Free,2026-04-15 20:27:36.989848,
1016,Pro,2026-03-13 20:27:36.989848,
1017,Free,2026-03-14 20:27:36.989848,
1018,Free,2026-02-21 20:27:36.989848,
1019,Free,2026-03-11 20:27:36.989848,
1020,Free,2026-02-19 20:27:36.989848,
1021,Free,2026-03-25 20:27:36.989848,
1022,Pro,2026-04-13 20:27:36.989848,
1023,Free,2026-04-12 20:27:36.989848,
1024,Free,2026-03-28 20:27:36.989848,
1025,Free,2026-03-26 20:27:36.989848,
1026,Free,2026-02-21 20:27:36.989848,
1027,Free,2026-04-13 20:27:36.989848,
1028,Pro,2026-03-15 20:27:36.989848,
1029,Free,2026-03-28 20:27:36.989848,
1030,Free,2026-03-06 20:27:36.989848,
1031,Free,2026-04-17 20:27:36.989848,
1032,Free,2026-04-01 20:27:36.989848,
1033,Pro,2026-03-24 20:27:36.989848,
1034,Free,2026-03-22 20:27:36.989848,
1035,Pro,2026-04-17 20:27:36.989848,
1036,Free,2026-03-02 20:27:36.989848,2026-04-20 20:27:36.989848
1037,Free,2026-03-03 20:27:36.989848,
1038,Pro,2026-02-27 20:27:36.989848,
1039,Pro,2026-03-13 20:27:36.989848,
1040,Free,2026-03-12 20:27:36.989848,
1041,Pro,2026-03-19 20:27:36.989848,
1042,Free,2026-03-18 20:27:36.989848,
1043,Free,2026-04-03 20:27:36.989848,2026-05-05 20:27:36.989848
1044,Enterprise,2026-04-14 20:27:36.989848,
1045,Enterprise,2026-04-09 20:27:36.989848,
1046,Free,2026-03-12 20:27:36.989848,
1047,Free,2026-04-03 20:27:36.989848,
1048,Pro,2026-03-15 20:27:36.989848,
1049,Free,2026-03-01 20:27:36.989848,
1050,Free,2026-02-22 20:27:36.989848,
1051,Free,2026-04-02 20:27:36.989848,
1052,Pro,2026-03-28 20:27:36.989848,
1053,Free,2026-04-06 20:27:36.989848,2026-05-28 20:27:36.989848
1054,Free,2026-04-08 20:27:36.989848,
1055,Free,2026-03-31 20:27:36.989848,
1056,Free,2026-04-09 20:27:36.989848,
1057,Pro,2026-03-22 20:27:36.989848,
1058,Free,2026-02-23 20:27:36.989848,
1059,Pro,2026-03-08 20:27:36.989848,
1060,Free,2026-03-21 20:27:36.989848,2026-04-26 20:27:36.989848
1061,Pro,2026-02-26 20:27:36.989848,
1062,Free,2026-03-23 20:27:36.989848,2026-04-09 20:27:36.989848
1063,Pro,2026-03-01 20:27:36.989848,
1064,Free,2026-03-31 20:27:36.989848,
1065,Enterprise,2026-04-07 20:27:36.989848,
1066,Enterprise,2026-04-16 20:27:36.989848,
1067,Free,2026-03-08 20:27:36.989848,
1068,Free,2026-04-13 20:27:36.989848,2026-04-25 20:27:36.989848
1069,Free,2026-04-10 20:27:36.989848,
1070,Free,2026-03-07 20:27:36.989848,
1071,Free,2026-02-20 20:27:36.989848,
1072,Free,2026-04-01 20:27:36.989848,
1073,Pro,2026-04-06 20:27:36.989848,
1074,Free,2026-03-07 20:27:36.989848,
1075,Free,2026-03-12 20:27:36.989848,
1076,Free,2026-03-27 20:27:36.989848,2026-05-09 20:27:36.989848
1077,Free,2026-03-18 20:27:36.989848,
1078,Free,2026-03-14 20:27:36.989848,
1079,Free,2026-04-14 20:27:36.989848,
1080,Free,2026-03-27 20:27:36.989848,
1081,Free,2026-04-03 20:27:36.989848,
1082,Free,2026-02-27 20:27:36.989848,
1083,Enterprise,2026-03-24 20:27:36.989848,
1084,Free,2026-03-19 20:27:36.989848,
1085,Free,2026-03-10 20:27:36.989848,
1086,Pro,2026-04-08 20:27:36.989848,
1087,Free,2026-03-07 20:27:36.989848,
1088,Free,2026-03-10 20:27:36.989848,
1089,Free,2026-02-19 20:27:36.989848,
1090,Free,2026-04-04 20:27:36.989848,
1091,Free,2026-04-18 20:27:36.989848,
1092,Free,2026-04-17 20:27:36.989848,
1093,Free,2026-04-15 20:27:36.989848,
1094,Enterprise,2026-02-23 20:27:36.989848,
1095,Free,2026-03-11 20:27:36.989848,
1096,Pro,2026-03-09 20:27:36.989848,2026-03-22 20:27:36.989848
1097,Pro,2026-02-25 20:27:36.989848,
1098,Free,2026-03-04 20:27:36.989848,
1099,Free,2026-03-05 20:27:36.989848,
1100,Free,2026-02-26 20:27:36.989848,
1101,Free,2026-03-29 20:27:36.989848,2026-05-20 20:27:36.989848
1102,Free,2026-02-22 20:27:36.989848,
1103,Pro,2026-02-19 20:27:36.989848,
1104,Pro,2026-03-30 20:27:36.989848,2026-05-11 20:27:36.989848
1105,Free,2026-03-14 20:27:36.989848,
1106,Pro,2026-03-24 20:27:36.989848,
1107,Free,2026-04-15 20:27:36.989848,
1108,Pro,2026-03-21 20:27:36.989848,2026-05-07 20:27:36.989848
1109,Free,2026-04-16 20:27:36.989848,2026-04-28 20:27:36.989848
1110,Free,2026-02-28 20:27:36.989848,
1111,Free,2026-03-11 20:27:36.989848,
1112,Free,2026-04-10 20:27:36.989848,2026-04-20 20:27:36.989848
1113,Enterprise,2026-03-28 20:27:36.989848,
1114,Free,2026-03-31 20:27:36.989848,
1115,Free,2026-04-09 20:27:36.989848,
1116,Pro,2026-04-07 20:27:36.989848,
1117,Free,2026-04-07 20:27:36.989848,
1118,Pro,2026-03-29 20:27:36.989848,
1119,Pro,2026-04-13 20:27:36.989848,
1120,Free,2026-04-18 20:27:36.989848,
1121,Pro,2026-03-22 20:27:36.989848,
1122,Pro,2026-02-27 20:27:36.989848,
1123,Free,2026-03-12 20:27:36.989848,
1124,Free,2026-04-11 20:27:36.989848,
1125,Free,2026-03-27 20:27:36.989848,2026-04-03 20:27:36.989848
1126,Pro,2026-04-10 20:27:36.989848,
1127,Pro,2026-03-14 20:27:36.989848,
1128,Free,2026-03-29 20:27:36.989848,
1129,Pro,2026-03-13 20:27:36.989848,2026-04-05 20:27:36.989848
1130,Free,2026-03-31 20:27:36.989848,
1131,Free,2026-02-24 20:27:36.989848,
1132,Free,2026-03-07 20:27:36.989848,
1133,Pro,2026-04-06 20:27:36.989848,
1134,Free,2026-03-07 20:27:36.989848,
1135,Free,2026-03-22 20:27:36.989848,
1136,Pro,2026-04-08 20:27:36.989848,2026-06-05 20:27:36.989848
1137,Free,2026-03-04 20:27:36.989848,
1138,Enterprise,2026-04-14 20:27:36.989848,
1139,Pro,2026-03-09 20:27:36.989848,
1140,Free,2026-03-30 20:27:36.989848,2026-04-06 20:27:36.989848
1141,Free,2026-03-06 20:27:36.989848,
1142,Free,2026-03-25 20:27:36.989848,
1143,Free,2026-04-02 20:27:36.989848,
1144,Free,2026-02-22 20:27:36.989848,
1145,Free,2026-03-12 20:27:36.989848,
1146,Pro,2026-02-25 20:27:36.989848,
1147,Pro,2026-04-09 20:27:36.989848,
1148,Pro,2026-03-08 20:27:36.989848,
1149,Free,2026-03-23 20:27:36.989848,
1150,Free,2026-03-01 20:27:36.989848,
1151,Free,2026-02-24 20:27:36.989848,
1152,Pro,2026-03-04 20:27:36.989848,
1153,Free,2026-03-23 20:27:36.989848,
1154,Free,2026-03-09 20:27:36.989848,
1155,Free,2026-03-20 20:27:36.989848,
1156,Pro,2026-03-03 20:27:36.989848,
1157,Pro,2026-03-13 20:27:36.989848,
1158,Free,2026-04-13 20:27:36.989848,
1159,Enterprise,2026-03-14 20:27:36.989848,
1160,Free,2026-04-16 20:27:36.989848,2026-05-21 20:27:36.989848
1161,Enterprise,2026-02-20 20:27:36.989848,
1162,Free,2026-03-31 20:27:36.989848,
1163,Pro,2026-03-31 20:27:36.989848,
1164,Free,2026-02-25 20:27:36.989848,
1165,Free,2026-03-15 20:27:36.989848,
1166,Free,2026-03-14 20:27:36.989848,
1167,Enterprise,2026-04-02 20:27:36.989848,
1168,Free,2026-04-06 20:27:36.989848,
1169,Free,2026-04-13 20:27:36.989848,
1170,Free,2026-03-25 20:27:36.989848,
1171,Free,2026-03-24 20:27:36.989848,
1172,Free,2026-03-17 20:27:36.989848,
1173,Pro,2026-04-07 20:27:36.989848,
1174,Free,2026-04-18 20:27:36.989848,
1175,Pro,2026-02-19 20:27:36.989848,2026-03-22 20:27:36.989848
1176,Free,2026-03-05 20:27:36.989848,
1177,Pro,2026-03-11 20:27:36.989848,
1178,Free,2026-03-24 20:27:36.989848,
1179,Free,2026-02-19 20:27:36.989848,2026-03-01 20:27:36.989848
1180,Pro,2026-02-27 20:27:36.989848,
1181,Enterprise,2026-03-26 20:27:36.989848,
1182,Free,2026-03-22 20:27:36.989848,
1183,Enterprise,2026-03-07 20:27:36.989848,
1184,Pro,2026-04-09 20:27:36.989848,2026-05-06 20:27:36.989848
1185,Pro,2026-03-18 20:27:36.989848,
1186,Pro,2026-04-18 20:27:36.989848,
1187,Free,2026-04-15 20:27:36.989848,
1188,Free,2026-03-31 20:27:36.989848,
1189,Pro,2026-03-30 20:27:36.989848,
1190,Pro,2026-04-06 20:27:36.989848,
1191,Free,2026-03-23 20:27:36.989848,
1192,Free,2026-04-07 20:27:36.989848,
1193,Free,2026-04-09 20:27:36.989848,
1194,Free,2026-03-01 20:27:36.989848,
1195,Free,2026-04-14 20:27:36.989848,
1196,Pro,2026-03-09 20:27:36.989848,
1197,Free,2026-04-15 20:27:36.989848,
1198,Free,2026-02-19 20:27:36.989848,
1199,Enterprise,2026-02-26 20:27:36.989848,2026-04-15 20:27:36.989848
1200,Free,2026-02-24 20:27:36.989848,
1201,Free,2026-04-19 20:27:36.989848,
1202,Pro,2026-02-27 20:27:36.989848,2026-03-26 20:27:36.989848
1203,Free,2026-04-17 20:27:36.989848,
1204,Pro,2026-04-17 20:27:36.989848,
1205,Free,2026-04-02 20:27:36.989848,
1206,Free,2026-03-24 20:27:36.989848,
1207,Pro,2026-04-17 20:27:36.989848,2026-04-27 20:27:36.989848
1208,Free,2026-02-25 20:27:36.989848,2026-03-27 20:27:36.989848
1209,Pro,2026-03-05 20:27:36.989848,
1210,Pro,2026-03-28 20:27:36.989848,
1211,Free,2026-03-28 20:27:36.989848,2026-05-02 20:27:36.989848
1212,Free,2026-02-28 20:27:36.989848,
1213,Pro,2026-02-21 20:27:36.989848,
1214,Free,2026-03-25 20:27:36.989848,
1215,Free,2026-03-02 20:27:36.989848,
1216,Free,2026-03-13 20:27:36.989848,
1217,Pro,2026-04-17 20:27:36.989848,
1218,Pro,2026-04-14 20:27:36.989848,
1219,Pro,2026-02-23 20:27:36.989848,
1220,Free,2026-04-01 20:27:36.989848,
1221,Free,2026-04-08 20:27:36.989848,2026-04-23 20:27:36.989848
1222,Free,2026-04-04 20:27:36.989848,
1223,Free,2026-04-13 20:27:36.989848,
1224,Pro,2026-03-02 20:27:36.989848,
1225,Pro,2026-04-16 20:27:36.989848,2026-05-01 20:27:36.989848
1226,Free,2026-03-27 20:27:36.989848,
1227,Pro,2026-04-11 20:27:36.989848,
1228,Free,2026-03-07 20:27:36.989848,
1229,Pro,2026-03-27 20:27:36.989848,
1230,Free,2026-03-12 20:27:36.989848,
1231,Free,2026-04-02 20:27:36.989848,
1232,Pro,2026-04-17 20:27:36.989848,
1233,Free,2026-03-26 20:27:36.989848,2026-05-13 20:27:36.989848
1234,Free,2026-03-04 20:27:36.989848,
1235,Free,2026-03-09 20:27:36.989848,
1236,Pro,2026-03-14 20:27:36.989848,
1237,Free,2026-04-06 20:27:36.989848,
1238,Pro,2026-02-21 20:27:36.989848,
1239,Pro,2026-02-19 20:27:36.989848,
1240,Free,2026-03-03 20:27:36.989848,
1241,Free,2026-04-07 20:27:36.989848,
1242,Free,2026-04-12 20:27:36.989848,2026-05-17 20:27:36.989848
1243,Free,2026-03-14 20:27:36.989848,
1244,Free,2026-02-23 20:27:36.989848,
1245,Free,2026-04-17 20:27:36.989848,
1246,Free,2026-04-08 20:27:36.989848,
1247,Pro,2026-04-18 20:27:36.989848,
1248,Free,2026-04-12 20:27:36.989848,
1249,Pro,2026-03-06 20:27:36.989848,2026-04-09 20:27:36.989848
1250,Free,2026-04-15 20:27:36.989848,
1251,Pro,2026-03-06 20:27:36.989848,
1252,Free,2026-04-13 20:27:36.989848,
1253,Free,2026-03-09 20:27:36.989848,
1254,Free,2026-03-05 20:27:36.989848,
1255,Free,2026-03-20 20:27:36.989848,
1256,Free,2026-04-07 20:27:36.989848,
1257,Free,2026-02-24 20:27:36.989848,
1258,Free,2026-03-26 20:27:36.989848,
1259,Free,2026-04-08 20:27:36.989848,2026-04-16 20:27:36.989848
1260,Free,2026-04-13 20:27:36.989848,
1261,Enterprise,2026-04-18 20:27:36.989848,2026-04-27 20:27:36.989848
1262,Free,2026-04-13 20:27:36.989848,
1263,Free,2026-04-14 20:27:36.989848,
1264,Free,2026-04-11 20:27:36.989848,2026-05-18 20:27:36.989848
1265,Pro,2026-03-17 20:27:36.989848,
1266,Pro,2026-04-08 20:27:36.989848,
1267,Free,2026-03-24 20:27:36.989848,
1268,Free,2026-03-15 20:27:36.989848,
1269,Free,2026-04-17 20:27:36.989848,
1270,Pro,2026-03-29 20:27:36.989848,
1271,Pro,2026-03-25 20:27:36.989848,
1272,Free,2026-03-19 20:27:36.989848,
1273,Free,2026-03-18 20:27:36.989848,
1274,Free,2026-03-06 20:27:36.989848,
1275,Free,2026-03-16 20:27:36.989848,
1276,Free,2026-03-12 20:27:36.989848,
1277,Free,2026-03-03 20:27:36.989848,
1278,Free,2026-03-30 20:27:36.989848,
1279,Free,2026-04-18 20:27:36.989848,
1280,Pro,2026-02-28 20:27:36.989848,
1281,Free,2026-03-07 20:27:36.989848,
1282,Free,2026-04-10 20:27:36.989848,
1283,Free,2026-03-22 20:27:36.989848,
1284,Free,2026-04-16 20:27:36.989848,
1285,Pro,2026-03-20 20:27:36.989848,
1286,Free,2026-03-22 20:27:36.989848,
1287,Free,2026-03-03 20:27:36.989848,
1288,Pro,2026-02-28 20:27:36.989848,
1289,Pro,2026-02-22 20:27:36.989848,
1290,Enterprise,2026-03-14 20:27:36.989848,2026-04-26 20:27:36.989848
1291,Pro,2026-03-23 20:27:36.989848,
1292,Free,2026-03-12 20:27:36.989848,2026-04-08 20:27:36.989848
1293,Pro,2026-03-05 20:27:36.989848,
1294,Free,2026-04-09 20:27:36.989848,
1295,Free,2026-04-05 20:27:36.989848,
1296,Free,2026-03-19 20:27:36.989848,
1297,Free,2026-03-08 20:27:36.989848,
1298,Free,2026-04-13 20:27:36.989848,
1299,Enterprise,2026-03-17 20:27:36.989848,
1300,Free,2026-03-21 20:27:36.989848,
1301,Free,2026-02-21 20:27:36.989848,
1302,Free,2026-03-05 20:27:36.989848,
1303,Free,2026-03-25 20:27:36.989848,2026-04-21 20:27:36.989848
1304,Pro,2026-03-01 20:27:36.989848,2026-04-24 20:27:36.989848
1305,Free,2026-03-12 20:27:36.989848,2026-04-01 20:27:36.989848
1306,Pro,2026-04-08 20:27:36.989848,
1307,Free,2026-03-05 20:27:36.989848,
1308,Free,2026-02-21 20:27:36.989848,
1309,Pro,2026-02-28 20:27:36.989848,
1310,Free,2026-03-19 20:27:36.989848,
1311,Free,2026-02-28 20:27:36.989848,2026-03-31 20:27:36.989848
1312,Free,2026-03-09 20:27:36.989848,
1313,Free,2026-03-24 20:27:36.989848,
1314,Free,2026-04-18 20:27:36.989848,
1315,Free,2026-04-09 20:27:36.989848,
1316,Pro,2026-03-10 20:27:36.989848,
1317,Free,2026-03-22 20:27:36.989848,
1318,Free,2026-04-14 20:27:36.989848,
1319,Free,2026-03-01 20:27:36.989848,
1320,Free,2026-03-31 20:27:36.989848,
1321,Enterprise,2026-04-13 20:27:36.989848,
1322,Free,2026-02-25 20:27:36.989848,
1323,Free,2026-03-02 20:27:36.989848,2026-04-27 20:27:36.989848
1324,Free,2026-03-19 20:27:36.989848,
1325,Free,2026-04-09 20:27:36.989848,
1326,Free,2026-04-02 20:27:36.989848,
1327,Free,2026-03-10 20:27:36.989848,
1328,Free,2026-04-15 20:27:36.989848,
1329,Pro,2026-02-20 20:27:36.989848,
1330,Free,2026-03-26 20:27:36.989848,2026-04-12 20:27:36.989848
1331,Free,2026-03-30 20:27:36.989848,
1332,Pro,2026-03-19 20:27:36.989848,
1333,Free,2026-03-10 20:27:36.989848,
1334,Pro,2026-04-02 20:27:36.989848,
1335,Pro,2026-04-06 20:27:36.989848,
1336,Free,2026-03-13 20:27:36.989848,
1337,Pro,2026-03-25 20:27:36.989848,
1338,Free,2026-03-07 20:27:36.989848,
1339,Enterprise,2026-02-26 20:27:36.989848,
1340,Pro,2026-04-05 20:27:36.989848,
1341,Free,2026-04-14 20:27:36.989848,
1342,Free,2026-04-01 20:27:36.989848,
1343,Free,2026-03-01 20:27:36.989848,
1344,Free,2026-04-17 20:27:36.989848,
1345,Free,2026-03-28 20:27:36.989848,
1346,Free,2026-03-05 20:27:36.989848,2026-03-14 20:27:36.989848
1347,Enterprise,2026-04-16 20:27:36.989848,
1348,Free,2026-04-15 20:27:36.989848,
1349,Free,2026-02-26 20:27:36.989848,
1350,Free,2026-02-28 20:27:36.989848,
1351,Free,2026-03-03 20:27:36.989848,2026-04-15 20:27:36.989848
1352,Free,2026-02-22 20:27:36.989848,2026-04-07 20:27:36.989848
1353,Pro,2026-04-15 20:27:36.989848,2026-04-23 20:27:36.989848
1354,Pro,2026-03-01 20:27:36.989848,
1355,Pro,2026-02-23 20:27:36.989848,
1356,Pro,2026-04-05 20:27:36.989848,
1357,Free,2026-04-19 20:27:36.989848,
1358,Free,2026-04-14 20:27:36.989848,
1359,Free,2026-04-14 20:27:36.989848,2026-05-24 20:27:36.989848
1360,Free,2026-03-03 20:27:36.989848,
1361,Free,2026-03-02 20:27:36.989848,
1362,Pro,2026-03-05 20:27:36.989848,2026-04-19 20:27:36.989848
1363,Free,2026-03-22 20:27:36.989848,
1364,Free,2026-03-17 20:27:36.989848,
1365,Free,2026-02-27 20:27:36.989848,
1366,Free,2026-03-09 20:27:36.989848,
1367,Free,2026-04-07 20:27:36.989848,
1368,Free,2026-02-22 20:27:36.989848,
1369,Free,2026-03-30 20:27:36.989848,
1370,Enterprise,2026-03-27 20:27:36.989848,
1371,Pro,2026-04-19 20:27:36.989848,
1372,Free,2026-02-22 20:27:36.989848,
1373,Pro,2026-03-03 20:27:36.989848,
1374,Free,2026-03-28 20:27:36.989848,
1375,Free,2026-02-21 20:27:36.989848,
1376,Free,2026-03-24 20:27:36.989848,
1377,Free,2026-03-28 20:27:36.989848,
1378,Free,2026-04-16 20:27:36.989848,
1379,Free,2026-02-28 20:27:36.989848,
1380,Free,2026-04-08 20:27:36.989848,
1381,Free,2026-02-23 20:27:36.989848,
1382,Free,2026-03-31 20:27:36.989848,
1383,Free,2026-03-10 20:27:36.989848,
1384,Free,2026-03-03 20:27:36.989848,
1385,Free,2026-04-08 20:27:36.989848,
1386,Pro,2026-04-13 20:27:36.989848,
1387,Free,2026-03-03 20:27:36.989848,2026-03-17 20:27:36.989848
1388,Pro,2026-04-04 20:27:36.989848,
1389,Free,2026-04-18 20:27:36.989848,
1390,Pro,2026-03-29 20:27:36.989848,2026-05-02 20:27:36.989848
1391,Pro,2026-03-06 20:27:36.989848,
1392,Pro,2026-03-07 20:27:36.989848,
1393,Pro,2026-04-09 20:27:36.989848,
1394,Pro,2026-03-03 20:27:36.989848,
1395,Pro,2026-04-07 20:27:36.989848,
1396,Free,2026-04-11 20:27:36.989848,
1397,Free,2026-04-03 20:27:36.989848,
1398,Free,2026-04-11 20:27:36.989848,
1399,Pro,2026-02-27 20:27:36.989848,
1400,Free,2026-03-25 20:27:36.989848,
1401,Free,2026-03-22 20:27:36.989848,2026-04-30 20:27:36.989848
1402,Pro,2026-04-16 20:27:36.989848,
1403,Free,2026-03-02 20:27:36.989848,
1404,Pro,2026-04-10 20:27:36.989848,
1405,Free,2026-03-07 20:27:36.989848,
1406,Free,2026-03-11 20:27:36.989848,
1407,Pro,2026-02-24 20:27:36.989848,
1408,Free,2026-04-04 20:27:36.989848,
1409,Free,2026-03-31 20:27:36.989848,
1410,Free,2026-03-14 20:27:36.989848,2026-05-10 20:27:36.989848
1411,Free,2026-03-30 20:27:36.989848,
1412,Free,2026-03-07 20:27:36.989848,
1413,Free,2026-03-18 20:27:36.989848,
1414,Pro,2026-04-10 20:27:36.989848,
1415,Free,2026-04-08 20:27:36.989848,
1416,Enterprise,2026-04-11 20:27:36.989848,
1417,Free,2026-03-26 20:27:36.989848,
1418,Enterprise,2026-04-17 20:27:36.989848,
1419,Free,2026-04-15 20:27:36.989848,
1420,Free,2026-03-08 20:27:36.989848,
1421,Free,2026-03-02 20:27:36.989848,
1422,Free,2026-02-22 20:27:36.989848,
1423,Free,2026-04-06 20:27:36.989848,
1424,Free,2026-03-14 20:27:36.989848,
1425,Free,2026-03-24 20:27:36.989848,
1426,Free,2026-04-13 20:27:36.989848,
1427,Pro,2026-03-30 20:27:36.989848,
1428,Pro,2026-02-23 20:27:36.989848,2026-03-28 20:27:36.989848
1429,Free,2026-03-05 20:27:36.989848,
1430,Pro,2026-04-03 20:27:36.989848,
1431,Free,2026-03-21 20:27:36.989848,
1432,Pro,2026-02-22 20:27:36.989848,
1433,Free,2026-02-19 20:27:36.989848,
1434,Pro,2026-02-21 20:27:36.989848,
1435,Free,2026-04-08 20:27:36.989848,
1436,Free,2026-03-23 20:27:36.989848,2026-04-13 20:27:36.989848
1437,Pro,2026-04-05 20:27:36.989848,
1438,Free,2026-03-11 20:27:36.989848,
1439,Free,2026-02-24 20:27:36.989848,
1440,Free,2026-04-06 20:27:36.989848,2026-05-09 20:27:36.989848
1441,Pro,2026-03-18 20:27:36.989848,
1442,Free,2026-02-21 20:27:36.989848,
1443,Free,2026-04-11 20:27:36.989848,2026-04-28 20:27:36.989848
1444,Pro,2026-02-23 20:27:36.989848,2026-04-23 20:27:36.989848
1445,Free,2026-04-15 20:27:36.989848,2026-05-29 20:27:36.989848
1446,Free,2026-02-27 20:27:36.989848,
1447,Pro,2026-03-30 20:27:36.989848,2026-05-05 20:27:36.989848
1448,Pro,2026-04-03 20:27:36.989848,2026-05-05 20:27:36.989848
1449,Pro,2026-02-26 20:27:36.989848,
1450,Pro,2026-04-13 20:27:36.989848,
1451,Pro,2026-03-29 20:27:36.989848,
1452,Free,2026-04-06 20:27:36.989848,2026-05-13 20:27:36.989848
1453,Free,2026-03-02 20:27:36.989848,
1454,Free,2026-03-27 20:27:36.989848,
1455,Free,2026-04-01 20:27:36.989848,
1456,Pro,2026-03-07 20:27:36.989848,2026-04-17 20:27:36.989848
1457,Free,2026-02-26 20:27:36.989848,
1458,Free,2026-04-13 20:27:36.989848,
1459,Free,2026-03-07 20:27:36.989848,
1460,Pro,2026-03-25 20:27:36.989848,
1461,Free,2026-03-05 20:27:36.989848,
1462,Free,2026-04-08 20:27:36.989848,
1463,Free,2026-04-19 20:27:36.989848,2026-05-17 20:27:36.989848
1464,Free,2026-03-13 20:27:36.989848,
1465,Free,2026-02-23 20:27:36.989848,
1466,Free,2026-04-18 20:27:36.989848,
1467,Enterprise,2026-03-07 20:27:36.989848,
1468,Pro,2026-02-25 20:27:36.989848,
1469,Free,2026-03-09 20:27:36.989848,
1470,Free,2026-03-25 20:27:36.989848,2026-04-19 20:27:36.989848
1471,Free,2026-03-25 20:27:36.989848,
1472,Pro,2026-03-30 20:27:36.989848,
1473,Free,2026-02-25 20:27:36.989848,
1474,Free,2026-03-22 20:27:36.989848,
1475,Free,2026-03-04 20:27:36.989848,
1476,Free,2026-02-22 20:27:36.989848,
1477,Free,2026-03-06 20:27:36.989848,2026-04-26 20:27:36.989848
1478,Free,2026-03-22 20:27:36.989848,
1479,Free,2026-04-13 20:27:36.989848,
1480,Enterprise,2026-03-21 20:27:36.989848,
1481,Free,2026-02-26 20:27:36.989848,2026-04-17 20:27:36.989848
1482,Pro,2026-04-01 20:27:36.989848,
1483,Free,2026-03-20 20:27:36.989848,
1484,Free,2026-02-23 20:27:36.989848,
1485,Free,2026-03-24 20:27:36.989848,
1486,Free,2026-02-23 20:27:36.989848,2026-04-16 20:27:36.989848
1487,Free,2026-03-19 20:27:36.989848,
1488,Free,2026-03-08 20:27:36.989848,
1489,Free,2026-02-27 20:27:36.989848,
1490,Free,2026-04-07 20:27:36.989848,
1491,Free,2026-04-01 20:27:36.989848,2026-04-24 20:27:36.989848
1492,Free,2026-02-22 20:27:36.989848,
1493,Free,2026-03-22 20:27:36.989848,
1494,Pro,2026-03-12 20:27:36.989848,2026-04-09 20:27:36.989848
1495,Pro,2026-03-01 20:27:36.989848,
1496,Pro,2026-02-27 20:27:36.989848,
1497,Free,2026-03-23 20:27:36.989848,
1498,Free,2026-02-27 20:27:36.989848,
1499,Free,2026-04-06 20:27:36.989848,
1500,Free,2026-03-13 20:27:36.989848,
1501,Free,2026-04-04 20:27:36.989848,
1502,Free,2026-02-28 20:27:36.989848,
1503,Free,2026-04-17 20:27:36.989848,
1504,Pro,2026-03-15 20:27:36.989848,
1505,Free,2026-03-24 20:27:36.989848,2026-04-10 20:27:36.989848
1506,Free,2026-03-11 20:27:36.989848,
1507,Free,2026-03-07 20:27:36.989848,
1508,Pro,2026-03-02 20:27:36.989848,2026-03-26 20:27:36.989848
1509,Free,2026-03-01 20:27:36.989848,
1510,Free,2026-03-25 20:27:36.989848,2026-04-26 20:27:36.989848
1511,Pro,2026-04-16 20:27:36.989848,
1512,Free,2026-04-07 20:27:36.989848,
1513,Free,2026-02-22 20:27:36.989848,
1514,Free,2026-04-18 20:27:36.989848,
1515,Free,2026-02-26 20:27:36.989848,
1516,Free,2026-04-05 20:27:36.989848,
1517,Free,2026-03-03 20:27:36.989848,
1518,Pro,2026-03-07 20:27:36.989848,
1519,Pro,2026-02-23 20:27:36.989848,2026-04-06 20:27:36.989848
1520,Free,2026-03-19 20:27:36.989848,
1521,Free,2026-03-13 20:27:36.989848,
1522,Pro,2026-04-04 20:27:36.989848,
1523,Pro,2026-03-19 20:27:36.989848,
1524,Free,2026-04-05 20:27:36.989848,
1525,Free,2026-03-11 20:27:36.989848,
1526,Pro,2026-04-11 20:27:36.989848,
1527,Pro,2026-03-26 20:27:36.989848,
1528,Free,2026-03-08 20:27:36.989848,2026-04-19 20:27:36.989848
1529,Free,2026-03-09 20:27:36.989848,
1530,Free,2026-04-13 20:27:36.989848,
1531,Pro,2026-04-11 20:27:36.989848,
1532,Free,2026-04-10 20:27:36.989848,
1533,Free,2026-04-06 20:27:36.989848,
1534,Free,2026-03-22 20:27:36.989848,
1535,Free,2026-03-10 20:27:36.989848,
1536,Free,2026-03-12 20:27:36.989848,
1537,Free,2026-03-24 20:27:36.989848,2026-04-08 20:27:36.989848
1538,Free,2026-02-25 20:27:36.989848,2026-04-14 20:27:36.989848
1539,Pro,2026-03-25 20:27:36.989848,
1540,Pro,2026-03-09 20:27:36.989848,
1541,Pro,2026-04-18 20:27:36.989848,
1542,Free,2026-04-19 20:27:36.989848,
1543,Free,2026-03-06 20:27:36.989848,
1544,Pro,2026-04-02 20:27:36.989848,
1545,Free,2026-03-11 20:27:36.989848,
1546,Free,2026-04-09 20:27:36.989848,
1547,Free,2026-03-01 20:27:36.989848,
1548,Free,2026-03-18 20:27:36.989848,
1549,Pro,2026-04-01 20:27:36.989848,
1550,Free,2026-03-16 20:27:36.989848,
1551,Free,2026-03-01 20:27:36.989848,
1552,Free,2026-04-01 20:27:36.989848,
1553,Pro,2026-04-08 20:27:36.989848,
1554,Free,2026-03-20 20:27:36.989848,
1555,Free,2026-03-22 20:27:36.989848,
1556,Free,2026-03-30 20:27:36.989848,
1557,Free,2026-04-13 20:27:36.989848,
1558,Free,2026-03-06 20:27:36.989848,
1559,Free,2026-04-09 20:27:36.989848,2026-05-26 20:27:36.989848
1560,Enterprise,2026-03-22 20:27:36.989848,
1561,Pro,2026-03-30 20:27:36.989848,2026-05-01 20:27:36.989848
1562,Free,2026-03-22 20:27:36.989848,
1563,Pro,2026-03-29 20:27:36.989848,
1564,Free,2026-04-19 20:27:36.989848,
1565,Free,2026-02-20 20:27:36.989848,
1566,Enterprise,2026-03-19 20:27:36.989848,
1567,Free,2026-03-10 20:27:36.989848,
1568,Free,2026-02-28 20:27:36.989848,
1569,Pro,2026-03-14 20:27:36.989848,
1570,Pro,2026-03-02 20:27:36.989848,
1571,Pro,2026-04-04 20:27:36.989848,
1572,Free,2026-03-06 20:27:36.989848,
1573,Free,2026-03-22 20:27:36.989848,
1574,Free,2026-03-08 20:27:36.989848,
1575,Free,2026-04-04 20:27:36.989848,
1576,Free,2026-02-22 20:27:36.989848,
1577,Free,2026-03-29 20:27:36.989848,2026-04-10 20:27:36.989848
1578,Free,2026-03-07 20:27:36.989848,
1579,Free,2026-02-25 20:27:36.989848,2026-03-18 20:27:36.989848
1580,Free,2026-03-31 20:27:36.989848,
1581,Free,2026-02-23 20:27:36.989848,2026-04-22 20:27:36.989848
1582,Free,2026-04-18 20:27:36.989848,
1583,Pro,2026-04-12 20:27:36.989848,
1584,Free,2026-03-09 20:27:36.989848,2026-04-07 20:27:36.989848
1585,Pro,2026-03-03 20:27:36.989848,
1586,Free,2026-02-27 20:27:36.989848,
1587,Pro,2026-03-21 20:27:36.989848,
1588,Free,2026-04-19 20:27:36.989848,
1589,Free,2026-02-19 20:27:36.989848,
1590,Free,2026-03-01 20:27:36.989848,
1591,Enterprise,2026-03-01 20:27:36.989848,
1592,Pro,2026-03-25 20:27:36.989848,
1593,Free,2026-04-17 20:27:36.989848,
1594,Free,2026-02-20 20:27:36.989848,
1595,Free,2026-03-19 20:27:36.989848,
1596,Free,2026-04-19 20:27:36.989848,2026-05-22 20:27:36.989848
1597,Free,2026-03-10 20:27:36.989848,
1598,Pro,2026-02-22 20:27:36.989848,
1599,Enterprise,2026-03-17 20:27:36.989848,
1600,Free,2026-04-19 20:27:36.989848,
1601,Free,2026-04-06 20:27:36.989848,
1602,Pro,2026-03-09 20:27:36.989848,
1603,Free,2026-03-16 20:27:36.989848,2026-04-17 20:27:36.989848
1604,Free,2026-03-03 20:27:36.989848,
1605,Free,2026-03-09 20:27:36.989848,
1606,Enterprise,2026-03-05 20:27:36.989848,
1607,Free,2026-03-16 20:27:36.989848,
1608,Pro,2026-03-24 20:27:36.989848,
1609,Free,2026-04-05 20:27:36.989848,
1610,Free,2026-03-18 20:27:36.989848,
1611,Pro,2026-04-18 20:27:36.989848,2026-06-10 20:27:36.989848
1612,Free,2026-03-01 20:27:36.989848,
1613,Enterprise,2026-03-02 20:27:36.989848,
1614,Free,2026-04-02 20:27:36.989848,
1615,Free,2026-04-12 20:27:36.989848,
1616,Free,2026-03-15 20:27:36.989848,
1617,Free,2026-04-11 20:27:36.989848,
1618,Free,2026-04-08 20:27:36.989848,
1619,Free,2026-03-18 20:27:36.989848,
1620,Free,2026-03-13 20:27:36.989848,
1621,Free,2026-04-16 20:27:36.989848,
1622,Free,2026-03-09 20:27:36.989848,2026-03-29 20:27:36.989848
1623,Free,2026-03-20 20:27:36.989848,
1624,Free,2026-04-05 20:27:36.989848,
1625,Free,2026-03-05 20:27:36.989848,
1626,Enterprise,2026-03-28 20:27:36.989848,
1627,Free,2026-04-13 20:27:36.989848,
1628,Free,2026-03-13 20:27:36.989848,
1629,Pro,2026-03-07 20:27:36.989848,
1630,Free,2026-02-28 20:27:36.989848,
1631,Free,2026-04-09 20:27:36.989848,
1632,Free,2026-02-19 20:27:36.989848,
1633,Free,2026-02-22 20:27:36.989848,
1634,Free,2026-03-16 20:27:36.989848,
1635,Free,2026-04-09 20:27:36.989848,
1636,Free,2026-03-14 20:27:36.989848,
1637,Free,2026-04-18 20:27:36.989848,
1638,Free,2026-04-16 20:27:36.989848,
1639,Free,2026-03-06 20:27:36.989848,
1640,Pro,2026-03-21 20:27:36.989848,
1641,Free,2026-04-07 20:27:36.989848,
1642,Free,2026-03-31 20:27:36.989848,
1643,Free,2026-03-01 20:27:36.989848,
1644,Pro,2026-03-26 20:27:36.989848,
1645,Free,2026-02-25 20:27:36.989848,
1646,Free,2026-03-16 20:27:36.989848,
1647,Free,2026-02-24 20:27:36.989848,
1648,Pro,2026-03-09 20:27:36.989848,
1649,Free,2026-03-27 20:27:36.989848,2026-05-14 20:27:36.989848
1650,Free,2026-03-27 20:27:36.989848,
1651,Free,2026-03-29 20:27:36.989848,
1652,Free,2026-04-14 20:27:36.989848,
1653,Free,2026-04-12 20:27:36.989848,
1654,Free,2026-04-12 20:27:36.989848,2026-05-06 20:27:36.989848
1655,Free,2026-04-02 20:27:36.989848,
1656,Pro,2026-04-17 20:27:36.989848,
1657,Free,2026-04-17 20:27:36.989848,
1658,Free,2026-02-22 20:27:36.989848,
1659,Pro,2026-03-12 20:27:36.989848,
1660,Pro,2026-04-01 20:27:36.989848,
1661,Free,2026-04-14 20:27:36.989848,
1662,Pro,2026-03-29 20:27:36.989848,
1663,Free,2026-04-14 20:27:36.989848,
1664,Free,2026-03-12 20:27:36.989848,2026-04-10 20:27:36.989848
1665,Pro,2026-04-12 20:27:36.989848,
1666,Free,2026-03-29 20:27:36.989848,
1667,Free,2026-04-18 20:27:36.989848,
1668,Free,2026-03-18 20:27:36.989848,
1669,Free,2026-03-02 20:27:36.989848,
1670,Free,2026-03-09 20:27:36.989848,
1671,Free,2026-04-17 20:27:36.989848,2026-04-27 20:27:36.989848
1672,Free,2026-02-21 20:27:36.989848,2026-03-22 20:27:36.989848
1673,Free,2026-02-21 20:27:36.989848,
1674,Free,2026-03-03 20:27:36.989848,2026-03-16 20:27:36.989848
1675,Free,2026-03-28 20:27:36.989848,
1676,Pro,2026-04-08 20:27:36.989848,
1677,Free,2026-04-02 20:27:36.989848,
1678,Free,2026-04-08 20:27:36.989848,2026-04-26 20:27:36.989848
1679,Enterprise,2026-04-19 20:27:36.989848,2026-06-12 20:27:36.989848
1680,Free,2026-03-26 20:27:36.989848,
1681,Enterprise,2026-04-06 20:27:36.989848,
1682,Free,2026-03-03 20:27:36.989848,2026-04-06 20:27:36.989848
1683,Free,2026-04-19 20:27:36.989848,
1684,Free,2026-04-15 20:27:36.989848,
1685,Free,2026-03-30 20:27:36.989848,
1686,Free,2026-02-22 20:27:36.989848,
1687,Free,2026-02-21 20:27:36.989848,
1688,Free,2026-03-14 20:27:36.989848,
1689,Free,2026-03-03 20:27:36.989848,
1690,Free,2026-03-08 20:27:36.989848,
1691,Free,2026-04-14 20:27:36.989848,2026-06-06 20:27:36.989848
1692,Pro,2026-04-06 20:27:36.989848,
1693,Free,2026-04-14 20:27:36.989848,
1694,Enterprise,2026-04-12 20:27:36.989848,
1695,Enterprise,2026-04-04 20:27:36.989848,
1696,Free,2026-04-10 20:27:36.989848,
1697,Free,2026-04-15 20:27:36.989848,
1698,Free,2026-04-14 20:27:36.989848,
1699,Pro,2026-03-23 20:27:36.989848,
1700,Pro,2026-04-08 20:27:36.989848,
1701,Pro,2026-03-25 20:27:36.989848,
1702,Free,2026-03-13 20:27:36.989848,
1703,Free,2026-03-18 20:27:36.989848,
1704,Free,2026-04-05 20:27:36.989848,2026-05-03 20:27:36.989848
1705,Pro,2026-03-30 20:27:36.989848,2026-05-16 20:27:36.989848
1706,Free,2026-03-13 20:27:36.989848,
1707,Pro,2026-04-02 20:27:36.989848,
1708,Free,2026-04-02 20:27:36.989848,
1709,Free,2026-03-11 20:27:36.989848,
1710,Free,2026-04-04 20:27:36.989848,
1711,Free,2026-04-06 20:27:36.989848,2026-05-24 20:27:36.989848
1712,Free,2026-04-07 20:27:36.989848,
1713,Free,2026-02-27 20:27:36.989848,
1714,Free,2026-03-11 20:27:36.989848,
1715,Free,2026-03-03 20:27:36.989848,
1716,Free,2026-04-13 20:27:36.989848,
1717,Free,2026-03-31 20:27:36.989848,
1718,Free,2026-03-31 20:27:36.989848,
1719,Free,2026-03-28 20:27:36.989848,2026-04-14 20:27:36.989848
1720,Free,2026-03-30 20:27:36.989848,2026-05-28 20:27:36.989848
1721,Free,2026-03-14 20:27:36.989848,2026-05-08 20:27:36.989848
1722,Free,2026-03-14 20:27:36.989848,
1723,Pro,2026-03-26 20:27:36.989848,
1724,Free,2026-04-02 20:27:36.989848,
1725,Free,2026-03-19 20:27:36.989848,
1726,Free,2026-03-06 20:27:36.989848,
1727,Free,2026-04-01 20:27:36.989848,
1728,Free,2026-04-03 20:27:36.989848,
1729,Free,2026-03-15 20:27:36.989848,
1730,Free,2026-04-17 20:27:36.989848,2026-06-03 20:27:36.989848
1731,Free,2026-03-29 20:27:36.989848,
1732,Pro,2026-04-16 20:27:36.989848,
1733,Free,2026-04-11 20:27:36.989848,
1734,Free,2026-02-22 20:27:36.989848,
1735,Free,2026-02-27 20:27:36.989848,
1736,Free,2026-03-05 20:27:36.989848,
1737,Pro,2026-04-14 20:27:36.989848,
1738,Pro,2026-04-06 20:27:36.989848,
1739,Pro,2026-04-01 20:27:36.989848,
1740,Free,2026-03-31 20:27:36.989848,
1741,Free,2026-04-05 20:27:36.989848,2026-05-11 20:27:36.989848
1742,Free,2026-03-25 20:27:36.989848,
1743,Free,2026-03-26 20:27:36.989848,
1744,Free,2026-02-28 20:27:36.989848,
1745,Free,2026-02-25 20:27:36.989848,
1746,Free,2026-03-13 20:27:36.989848,
1747,Pro,2026-03-11 20:27:36.989848,
1748,Free,2026-04-10 20:27:36.989848,
1749,Free,2026-03-21 20:27:36.989848,
1750,Free,2026-03-07 20:27:36.989848,
1751,Enterprise,2026-04-17 20:27:36.989848,
1752,Free,2026-02-24 20:27:36.989848,
1753,Free,2026-03-01 20:27:36.989848,
1754,Pro,2026-03-09 20:27:36.989848,
1755,Free,2026-04-06 20:27:36.989848,
1756,Pro,2026-03-31 20:27:36.989848,
1757,Pro,2026-04-14 20:27:36.989848,
1758,Free,2026-03-09 20:27:36.989848,
1759,Free,2026-03-09 20:27:36.989848,
1760,Pro,2026-04-13 20:27:36.989848,2026-04-27 20:27:36.989848
1761,Free,2026-03-06 20:27:36.989848,
1762,Pro,2026-04-04 20:27:36.989848,
1763,Pro,2026-03-24 20:27:36.989848,
1764,Pro,2026-03-08 20:27:36.989848,
1765,Free,2026-03-15 20:27:36.989848,2026-05-06 20:27:36.989848
1766,Free,2026-03-16 20:27:36.989848,
1767,Free,2026-03-18 20:27:36.989848,
1768,Pro,2026-03-04 20:27:36.989848,
1769,Free,2026-04-13 20:27:36.989848,
1770,Pro,2026-02-26 20:27:36.989848,
1771,Free,2026-03-12 20:27:36.989848,
1772,Free,2026-02-19 20:27:36.989848,
1773,Free,2026-04-13 20:27:36.989848,
1774,Pro,2026-04-13 20:27:36.989848,
1775,Pro,2026-02-19 20:27:36.989848,
1776,Pro,2026-04-03 20:27:36.989848,
1777,Pro,2026-04-01 20:27:36.989848,
1778,Free,2026-03-26 20:27:36.989848,
1779,Free,2026-03-07 20:27:36.989848,
1780,Pro,2026-03-22 20:27:36.989848,
1781,Pro,2026-03-25 20:27:36.989848,
1782,Free,2026-03-21 20:27:36.989848,2026-04-20 20:27:36.989848
1783,Free,2026-03-08 20:27:36.989848,
1784,Pro,2026-03-05 20:27:36.989848,2026-04-07 20:27:36.989848
1785,Free,2026-03-26 20:27:36.989848,
1786,Free,2026-04-06 20:27:36.989848,
1787,Free,2026-03-30 20:27:36.989848,
1788,Free,2026-03-20 20:27:36.989848,
1789,Free,2026-03-24 20:27:36.989848,
1790,Free,2026-04-16 20:27:36.989848,
1791,Free,2026-02-25 20:27:36.989848,
1792,Free,2026-03-15 20:27:36.989848,2026-03-29 20:27:36.989848
1793,Free,2026-02-20 20:27:36.989848,2026-03-12 20:27:36.989848
1794,Pro,2026-03-20 20:27:36.989848,
1795,Free,2026-04-12 20:27:36.989848,
1796,Pro,2026-04-09 20:27:36.989848,
1797,Free,2026-03-07 20:27:36.989848,
1798,Free,2026-02-22 20:27:36.989848,
1799,Free,2026-02-24 20:27:36.989848,
1800,Pro,2026-02-23 20:27:36.989848,
1801,Free,2026-03-31 20:27:36.989848,
1802,Free,2026-04-01 20:27:36.989848,
1803,Free,2026-03-26 20:27:36.989848,
1804,Free,2026-03-24 20:27:36.989848,
1805,Free,2026-04-05 20:27:36.989848,
1806,Pro,2026-03-23 20:27:36.989848,
1807,Free,2026-03-08 20:27:36.989848,2026-04-15 20:27:36.989848
1808,Pro,2026-04-01 20:27:36.989848,2026-05-13 20:27:36.989848
1809,Pro,2026-03-06 20:27:36.989848,
1810,Pro,2026-03-14 20:27:36.989848,2026-04-02 20:27:36.989848
1811,Free,2026-04-13 20:27:36.989848,
1812,Free,2026-03-29 20:27:36.989848,
1813,Pro,2026-03-08 20:27:36.989848,
1814,Free,2026-04-17 20:27:36.989848,
1815,Free,2026-02-25 20:27:36.989848,
1816,Enterprise,2026-03-30 20:27:36.989848,
1817,Pro,2026-02-22 20:27:36.989848,
1818,Pro,2026-04-02 20:27:36.989848,
1819,Free,2026-02-27 20:27:36.989848,2026-03-17 20:27:36.989848
1820,Enterprise,2026-04-15 20:27:36.989848,
1821,Free,2026-03-14 20:27:36.989848,2026-03-28 20:27:36.989848
1822,Free,2026-04-08 20:27:36.989848,2026-05-31 20:27:36.989848
1823,Free,2026-03-12 20:27:36.989848,
1824,Free,2026-03-25 20:27:36.989848,
1825,Free,2026-03-01 20:27:36.989848,
1826,Free,2026-03-31 20:27:36.989848,
1827,Pro,2026-03-20 20:27:36.989848,2026-04-12 20:27:36.989848
1828,Free,2026-03-13 20:27:36.989848,
1829,Pro,2026-03-12 20:27:36.989848,
1830,Free,2026-04-16 20:27:36.989848,2026-05-27 20:27:36.989848
1831,Pro,2026-02-19 20:27:36.989848,
1832,Free,2026-03-27 20:27:36.989848,
1833,Free,2026-03-11 20:27:36.989848,
1834,Free,2026-04-13 20:27:36.989848,2026-05-05 20:27:36.989848
1835,Free,2026-03-26 20:27:36.989848,
1836,Pro,2026-04-16 20:27:36.989848,
1837,Enterprise,2026-04-12 20:27:36.989848,
1838,Free,2026-04-05 20:27:36.989848,
1839,Pro,2026-03-06 20:27:36.989848,
1840,Free,2026-02-28 20:27:36.989848,
1841,Free,2026-03-02 20:27:36.989848,
1842,Pro,2026-03-10 20:27:36.989848,
1843,Free,2026-04-17 20:27:36.989848,2026-05-11 20:27:36.989848
1844,Free,2026-03-23 20:27:36.989848,2026-04-24 20:27:36.989848
1845,Free,2026-03-05 20:27:36.989848,
1846,Free,2026-03-05 20:27:36.989848,
1847,Pro,2026-03-17 20:27:36.989848,
1848,Free,2026-04-14 20:27:36.989848,
1849,Free,2026-03-28 20:27:36.989848,
1850,Pro,2026-03-16 20:27:36.989848,
1851,Free,2026-03-19 20:27:36.989848,2026-05-05 20:27:36.989848
1852,Free,2026-02-25 20:27:36.989848,
1853,Free,2026-03-08 20:27:36.989848,
1854,Pro,2026-03-04 20:27:36.989848,
1855,Pro,2026-02-28 20:27:36.989848,2026-04-09 20:27:36.989848
1856,Free,2026-03-11 20:27:36.989848,
1857,Free,2026-02-28 20:27:36.989848,
1858,Free,2026-04-10 20:27:36.989848,
1859,Free,2026-03-31 20:27:36.989848,
1860,Pro,2026-03-18 20:27:36.989848,
1861,Free,2026-04-09 20:27:36.989848,
1862,Free,2026-04-09 20:27:36.989848,
1863,Free,2026-03-13 20:27:36.989848,
1864,Free,2026-03-16 20:27:36.989848,
1865,Free,2026-03-27 20:27:36.989848,
1866,Free,2026-03-31 20:27:36.989848,2026-05-16 20:27:36.989848
1867,Free,2026-03-23 20:27:36.989848,2026-05-05 20:27:36.989848
1868,Pro,2026-03-22 20:27:36.989848,
1869,Free,2026-02-27 20:27:36.989848,
1870,Free,2026-04-09 20:27:36.989848,
1871,Free,2026-03-01 20:27:36.989848,
1872,Free,2026-03-19 20:27:36.989848,
1873,Free,2026-03-08 20:27:36.989848,
1874,Free,2026-04-04 20:27:36.989848,
1875,Free,2026-04-08 20:27:36.989848,2026-04-18 20:27:36.989848
1876,Enterprise,2026-03-10 20:27:36.989848,
1877,Free,2026-04-03 20:27:36.989848,2026-04-24 20:27:36.989848
1878,Free,2026-03-18 20:27:36.989848,
1879,Pro,2026-04-11 20:27:36.989848,
1880,Free,2026-04-05 20:27:36.989848,
1881,Free,2026-04-12 20:27:36.989848,
1882,Pro,2026-03-09 20:27:36.989848,
1883,Pro,2026-04-08 20:27:36.989848,
1884,Pro,2026-04-08 20:27:36.989848,
1885,Free,2026-04-11 20:27:36.989848,
1886,Free,2026-04-05 20:27:36.989848,
1887,Pro,2026-04-13 20:27:36.989848,
1888,Free,2026-02-28 20:27:36.989848,2026-03-22 20:27:36.989848
1889,Free,2026-03-19 20:27:36.989848,
1890,Free,2026-03-10 20:27:36.989848,
1891,Pro,2026-04-02 20:27:36.989848,2026-04-22 20:27:36.989848
1892,Free,2026-03-16 20:27:36.989848,2026-04-11 20:27:36.989848
1893,Free,2026-04-11 20:27:36.989848,
1894,Free,2026-02-20 20:27:36.989848,
1895,Free,2026-03-02 20:27:36.989848,
1896,Free,2026-03-04 20:27:36.989848,
1897,Free,2026-03-16 20:27:36.989848,
1898,Free,2026-03-30 20:27:36.989848,2026-04-14 20:27:36.989848
1899,Free,2026-03-03 20:27:36.989848,
1900,Pro,2026-04-19 20:27:36.989848,
1901,Pro,2026-04-05 20:27:36.989848,
1902,Pro,2026-02-20 20:27:36.989848,
1903,Free,2026-03-09 20:27:36.989848,
1904,Free,2026-02-24 20:27:36.989848,
1905,Free,2026-03-08 20:27:36.989848,
1906,Pro,2026-03-20 20:27:36.989848,
1907,Free,2026-03-22 20:27:36.989848,
1908,Free,2026-03-17 20:27:36.989848,
1909,Free,2026-02-25 20:27:36.989848,
1910,Free,2026-02-21 20:27:36.989848,
1911,Pro,2026-03-27 20:27:36.989848,2026-04-05 20:27:36.989848
1912,Free,2026-03-07 20:27:36.989848,
1913,Pro,2026-04-16 20:27:36.989848,
1914,Pro,2026-03-14 20:27:36.989848,
1915,Free,2026-04-14 20:27:36.989848,
1916,Pro,2026-04-03 20:27:36.989848,2026-05-13 20:27:36.989848
1917,Free,2026-04-17 20:27:36.989848,2026-04-26 20:27:36.989848
1918,Free,2026-04-10 20:27:36.989848,
1919,Free,2026-04-01 20:27:36.989848,
1920,Free,2026-03-12 20:27:36.989848,
1921,Free,2026-03-09 20:27:36.989848,
1922,Pro,2026-03-24 20:27:36.989848,
1923,Free,2026-03-01 20:27:36.989848,
1924,Free,2026-02-27 20:27:36.989848,
1925,Free,2026-04-19 20:27:36.989848,
1926,Free,2026-03-10 20:27:36.989848,
1927,Pro,2026-04-01 20:27:36.989848,
1928,Free,2026-04-13 20:27:36.989848,
1929,Pro,2026-04-03 20:27:36.989848,
1930,Pro,2026-03-14 20:27:36.989848,
1931,Free,2026-03-16 20:27:36.989848,
1932,Free,2026-04-03 20:27:36.989848,
1933,Pro,2026-04-17 20:27:36.989848,2026-06-13 20:27:36.989848
1934,Pro,2026-03-14 20:27:36.989848,
1935,Free,2026-03-11 20:27:36.989848,
1936,Free,2026-03-29 20:27:36.989848,
1937,Free,2026-04-15 20:27:36.989848,
1938,Free,2026-03-02 20:27:36.989848,
1939,Free,2026-04-05 20:27:36.989848,
1940,Free,2026-04-01 20:27:36.989848,
1941,Free,2026-03-24 20:27:36.989848,
1942,Free,2026-03-13 20:27:36.989848,2026-03-26 20:27:36.989848
1943,Free,2026-03-11 20:27:36.989848,
1944,Free,2026-03-27 20:27:36.989848,2026-05-07 20:27:36.989848
1945,Pro,2026-04-13 20:27:36.989848,
1946,Free,2026-02-26 20:27:36.989848,2026-04-17 20:27:36.989848
1947,Free,2026-03-13 20:27:36.989848,
1948,Enterprise,2026-04-17 20:27:36.989848,
1949,Free,2026-03-03 20:27:36.989848,
1950,Free,2026-03-09 20:27:36.989848,
1951,Free,2026-04-17 20:27:36.989848,
1952,Free,2026-02-19 20:27:36.989848,2026-03-31 20:27:36.989848
1953,Free,2026-02-26 20:27:36.989848,
1954,Free,2026-03-16 20:27:36.989848,
1955,Free,2026-03-19 20:27:36.989848,
1956,Free,2026-04-17 20:27:36.989848,
1957,Free,2026-03-01 20:27:36.989848,
1958,Free,2026-03-27 20:27:36.989848,
1959,Free,2026-03-27 20:27:36.989848,
1960,Pro,2026-03-02 20:27:36.989848,2026-04-17 20:27:36.989848
1961,Pro,2026-02-27 20:27:36.989848,
1962,Pro,2026-02-23 20:27:36.989848,
1963,Pro,2026-03-31 20:27:36.989848,2026-05-26 20:27:36.989848
1964,Pro,2026-04-15 20:27:36.989848,
1965,Pro,2026-03-22 20:27:36.989848,
1966,Free,2026-03-26 20:27:36.989848,
1967,Free,2026-03-01 20:27:36.989848,
1968,Pro,2026-03-13 20:27:36.989848,
1969,Free,2026-04-04 20:27:36.989848,
1970,Pro,2026-03-03 20:27:36.989848,2026-03-25 20:27:36.989848
1971,Free,2026-02-22 20:27:36.989848,
1972,Pro,2026-04-01 20:27:36.989848,2026-04-19 20:27:36.989848
1973,Free,2026-04-07 20:27:36.989848,2026-04-22 20:27:36.989848
1974,Free,2026-04-13 20:27:36.989848,
1975,Free,2026-03-25 20:27:36.989848,2026-05-16 20:27:36.989848
1976,Free,2026-03-29 20:27:36.989848,
1977,Free,2026-03-04 20:27:36.989848,2026-04-17 20:27:36.989848
1978,Free,2026-03-23 20:27:36.989848,
1979,Free,2026-03-27 20:27:36.989848,
1980,Free,2026-04-16 20:27:36.989848,
1981,Free,2026-03-19 20:27:36.989848,
1982,Free,2026-03-02 20:27:36.989848,
1983,Pro,2026-03-06 20:27:36.989848,
1984,Enterprise,2026-03-02 20:27:36.989848,
1985,Free,2026-02-27 20:27:36.989848,
1986,Free,2026-03-25 20:27:36.989848,
1987,Free,2026-03-24 20:27:36.989848,
1988,Free,2026-03-31 20:27:36.989848,2026-05-26 20:27:36.989848
1989,Pro,2026-04-01 20:27:36.989848,
1990,Free,2026-03-24 20:27:36.989848,
1991,Free,2026-03-16 20:27:36.989848,2026-04-18 20:27:36.989848
1992,Pro,2026-04-05 20:27:36.989848,
1993,Free,2026-04-08 20:27:36.989848,
1994,Pro,2026-02-22 20:27:36.989848,
1995,Free,2026-02-25 20:27:36.989848,
1996,Pro,2026-03-30 20:27:36.989848,
1997,Free,2026-03-21 20:27:36.989848,
1998,Free,2026-04-02 20:27:36.989848,
1999,Pro,2026-04-19 20:27:36.989848,
2000,Free,2026-03-03 20:27:36.989848,
2001,Free,2026-03-20 20:27:36.989848,
2002,Enterprise,2026-03-12 20:27:36.989848,
2003,Pro,2026-04-09 20:27:36.989848,
2004,Free,2026-04-14 20:27:36.989848,2026-04-24 20:27:36.989848
2005,Pro,2026-03-21 20:27:36.989848,
2006,Free,2026-03-10 20:27:36.989848,2026-04-13 20:27:36.989848
2007,Free,2026-03-11 20:27:36.989848,
2008,Free,2026-03-03 20:27:36.989848,
2009,Free,2026-03-04 20:27:36.989848,2026-04-15 20:27:36.989848
2010,Pro,2026-03-09 20:27:36.989848,
2011,Free,2026-04-03 20:27:36.989848,2026-05-13 20:27:36.989848
2012,Pro,2026-04-14 20:27:36.989848,
2013,Free,2026-03-03 20:27:36.989848,2026-03-19 20:27:36.989848
2014,Free,2026-03-17 20:27:36.989848,
2015,Free,2026-02-26 20:27:36.989848,2026-04-22 20:27:36.989848
2016,Free,2026-03-11 20:27:36.989848,
2017,Free,2026-03-07 20:27:36.989848,
2018,Free,2026-03-21 20:27:36.989848,
2019,Pro,2026-04-02 20:27:36.989848,2026-05-14 20:27:36.989848
2020,Free,2026-03-03 20:27:36.989848,
2021,Pro,2026-03-19 20:27:36.989848,
2022,Enterprise,2026-04-03 20:27:36.989848,
2023,Pro,2026-02-19 20:27:36.989848,
2024,Free,2026-03-18 20:27:36.989848,
2025,Enterprise,2026-03-13 20:27:36.989848,2026-04-26 20:27:36.989848
2026,Free,2026-03-18 20:27:36.989848,
2027,Free,2026-04-06 20:27:36.989848,
2028,Free,2026-03-23 20:27:36.989848,
2029,Free,2026-03-11 20:27:36.989848,
2030,Free,2026-03-15 20:27:36.989848,
2031,Free,2026-04-14 20:27:36.989848,2026-06-03 20:27:36.989848
2032,Free,2026-03-11 20:27:36.989848,
2033,Pro,2026-02-24 20:27:36.989848,
2034,Free,2026-03-13 20:27:36.989848,
2035,Free,2026-03-09 20:27:36.989848,
2036,Free,2026-04-01 20:27:36.989848,
2037,Free,2026-03-07 20:27:36.989848,2026-03-15 20:27:36.989848
2038,Free,2026-03-26 20:27:36.989848,
2039,Free,2026-03-08 20:27:36.989848,
2040,Free,2026-03-07 20:27:36.989848,
2041,Free,2026-02-22 20:27:36.989848,
2042,Pro,2026-03-02 20:27:36.989848,
2043,Free,2026-02-22 20:27:36.989848,
2044,Free,2026-03-08 20:27:36.989848,2026-04-02 20:27:36.989848
2045,Free,2026-03-07 20:27:36.989848,
2046,Pro,2026-03-13 20:27:36.989848,
2047,Free,2026-04-19 20:27:36.989848,
2048,Free,2026-04-19 20:27:36.989848,
2049,Free,2026-03-09 20:27:36.989848,
2050,Pro,2026-03-11 20:27:36.989848,
2051,Free,2026-04-06 20:27:36.989848,2026-05-14 20:27:36.989848
2052,Free,2026-04-19 20:27:36.989848,
2053,Pro,2026-03-22 20:27:36.989848,
2054,Pro,2026-03-29 20:27:36.989848,
2055,Free,2026-02-26 20:27:36.989848,
2056,Pro,2026-02-25 20:27:36.989848,
2057,Free,2026-04-18 20:27:36.989848,
2058,Pro,2026-04-05 20:27:36.989848,2026-06-01 20:27:36.989848
2059,Enterprise,2026-02-23 20:27:36.989848,
2060,Free,2026-03-29 20:27:36.989848,
2061,Free,2026-03-02 20:27:36.989848,
2062,Free,2026-03-21 20:27:36.989848,
2063,Pro,2026-03-28 20:27:36.989848,2026-04-18 20:27:36.989848
2064,Free,2026-02-19 20:27:36.989848,
2065,Free,2026-04-01 20:27:36.989848,
2066,Free,2026-03-28 20:27:36.989848,
2067,Free,2026-02-20 20:27:36.989848,
2068,Free,2026-04-17 20:27:36.989848,
2069,Free,2026-03-31 20:27:36.989848,
2070,Free,2026-04-14 20:27:36.989848,
2071,Free,2026-04-09 20:27:36.989848,
2072,Pro,2026-03-24 20:27:36.989848,
2073,Free,2026-04-09 20:27:36.989848,
2074,Free,2026-02-21 20:27:36.989848,2026-03-09 20:27:36.989848
2075,Free,2026-03-02 20:27:36.989848,
2076,Free,2026-03-03 20:27:36.989848,
2077,Free,2026-03-29 20:27:36.989848,
2078,Free,2026-03-09 20:27:36.989848,
2079,Pro,2026-03-17 20:27:36.989848,
2080,Free,2026-03-28 20:27:36.989848,
2081,Enterprise,2026-02-21 20:27:36.989848,
2082,Free,2026-04-07 20:27:36.989848,
2083,Free,2026-04-03 20:27:36.989848,
2084,Free,2026-04-05 20:27:36.989848,
2085,Free,2026-03-07 20:27:36.989848,
2086,Free,2026-03-07 20:27:36.989848,
2087,Free,2026-04-11 20:27:36.989848,
2088,Free,2026-04-18 20:27:36.989848,
2089,Free,2026-04-14 20:27:36.989848,
2090,Pro,2026-03-02 20:27:36.989848,
2091,Free,2026-03-29 20:27:36.989848,2026-05-27 20:27:36.989848
2092,Free,2026-03-03 20:27:36.989848,
2093,Free,2026-03-30 20:27:36.989848,
2094,Free,2026-03-25 20:27:36.989848,
2095,Free,2026-03-01 20:27:36.989848,
2096,Free,2026-02-28 20:27:36.989848,
2097,Free,2026-02-26 20:27:36.989848,2026-04-18 20:27:36.989848
2098,Free,2026-02-20 20:27:36.989848,
2099,Free,2026-03-10 20:27:36.989848,
2100,Free,2026-03-15 20:27:36.989848,
2101,Free,2026-04-04 20:27:36.989848,
2102,Pro,2026-03-17 20:27:36.989848,
2103,Free,2026-03-12 20:27:36.989848,
2104,Free,2026-04-08 20:27:36.989848,
2105,Free,2026-04-11 20:27:36.989848,
2106,Pro,2026-02-23 20:27:36.989848,2026-04-08 20:27:36.989848
2107,Free,2026-03-27 20:27:36.989848,
2108,Free,2026-02-28 20:27:36.989848,
2109,Free,2026-04-03 20:27:36.989848,
2110,Free,2026-04-13 20:27:36.989848,
2111,Free,2026-02-20 20:27:36.989848,
2112,Free,2026-04-18 20:27:36.989848,
2113,Free,2026-03-29 20:27:36.989848,
2114,Free,2026-03-17 20:27:36.989848,
2115,Free,2026-03-16 20:27:36.989848,
2116,Free,2026-04-12 20:27:36.989848,2026-04-23 20:27:36.989848
2117,Pro,2026-03-24 20:27:36.989848,
2118,Free,2026-04-07 20:27:36.989848,2026-04-22 20:27:36.989848
2119,Pro,2026-04-13 20:27:36.989848,
2120,Free,2026-02-22 20:27:36.989848,
2121,Pro,2026-03-19 20:27:36.989848,
2122,Free,2026-04-17 20:27:36.989848,2026-05-26 20:27:36.989848
2123,Pro,2026-03-21 20:27:36.989848,
2124,Free,2026-03-26 20:27:36.989848,
2125,Free,2026-02-19 20:27:36.989848,
2126,Free,2026-03-18 20:27:36.989848,
2127,Pro,2026-03-28 20:27:36.989848,
2128,Free,2026-02-20 20:27:36.989848,
2129,Pro,2026-02-28 20:27:36.989848,2026-03-08 20:27:36.989848
2130,Free,2026-03-28 20:27:36.989848,
2131,Free,2026-03-02 20:27:36.989848,
2132,Pro,2026-04-06 20:27:36.989848,
2133,Free,2026-02-28 20:27:36.989848,
2134,Pro,2026-03-11 20:27:36.989848,
2135,Pro,2026-04-03 20:27:36.989848,2026-04-14 20:27:36.989848
2136,Free,2026-04-18 20:27:36.989848,2026-05-10 20:27:36.989848
2137,Free,2026-04-11 20:27:36.989848,
2138,Enterprise,2026-03-06 20:27:36.989848,
2139,Free,2026-04-13 20:27:36.989848,
2140,Free,2026-04-18 20:27:36.989848,2026-05-19 20:27:36.989848
2141,Pro,2026-02-26 20:27:36.989848,
2142,Free,2026-03-28 20:27:36.989848,2026-05-24 20:27:36.989848
2143,Free,2026-03-11 20:27:36.989848,
2144,Free,2026-04-17 20:27:36.989848,
2145,Free,2026-03-19 20:27:36.989848,
2146,Free,2026-03-16 20:27:36.989848,
2147,Pro,2026-03-26 20:27:36.989848,
2148,Free,2026-03-12 20:27:36.989848,
2149,Free,2026-03-19 20:27:36.989848,2026-04-22 20:27:36.989848
2150,Free,2026-03-21 20:27:36.989848,
2151,Free,2026-02-27 20:27:36.989848,
2152,Enterprise,2026-03-03 20:27:36.989848,2026-04-29 20:27:36.989848
2153,Free,2026-03-18 20:27:36.989848,
2154,Pro,2026-02-23 20:27:36.989848,
2155,Free,2026-03-31 20:27:36.989848,2026-05-22 20:27:36.989848
2156,Free,2026-02-27 20:27:36.989848,
2157,Enterprise,2026-02-28 20:27:36.989848,
2158,Free,2026-02-21 20:27:36.989848,
2159,Free,2026-04-12 20:27:36.989848,
2160,Pro,2026-03-13 20:27:36.989848,
2161,Free,2026-03-10 20:27:36.989848,
2162,Free,2026-02-19 20:27:36.989848,2026-02-26 20:27:36.989848
2163,Free,2026-04-04 20:27:36.989848,
2164,Free,2026-04-05 20:27:36.989848,
2165,Free,2026-04-03 20:27:36.989848,2026-04-22 20:27:36.989848
2166,Free,2026-02-28 20:27:36.989848,
2167,Free,2026-03-06 20:27:36.989848,
2168,Pro,2026-04-10 20:27:36.989848,
2169,Free,2026-04-16 20:27:36.989848,
2170,Pro,2026-03-16 20:27:36.989848,
2171,Free,2026-03-25 20:27:36.989848,
2172,Free,2026-03-24 20:27:36.989848,
2173,Free,2026-03-13 20:27:36.989848,
2174,Free,2026-03-02 20:27:36.989848,
2175,Pro,2026-03-27 20:27:36.989848,
2176,Free,2026-02-25 20:27:36.989848,
2177,Free,2026-04-12 20:27:36.989848,
2178,Free,2026-02-19 20:27:36.989848,
2179,Free,2026-03-20 20:27:36.989848,2026-04-20 20:27:36.989848
2180,Free,2026-03-09 20:27:36.989848,
2181,Free,2026-03-12 20:27:36.989848,
2182,Pro,2026-03-27 20:27:36.989848,2026-05-08 20:27:36.989848
2183,Free,2026-04-11 20:27:36.989848,
2184,Free,2026-03-31 20:27:36.989848,
2185,Free,2026-03-26 20:27:36.989848,
2186,Free,2026-03-29 20:27:36.989848,2026-04-30 20:27:36.989848
2187,Free,2026-03-06 20:27:36.989848,
2188,Free,2026-03-21 20:27:36.989848,
2189,Free,2026-04-11 20:27:36.989848,2026-05-01 20:27:36.989848
2190,Enterprise,2026-03-25 20:27:36.989848,
2191,Free,2026-04-10 20:27:36.989848,
2192,Free,2026-03-09 20:27:36.989848,
2193,Pro,2026-02-22 20:27:36.989848,
2194,Free,2026-04-14 20:27:36.989848,2026-04-25 20:27:36.989848
2195,Pro,2026-04-01 20:27:36.989848,
2196,Pro,2026-02-23 20:27:36.989848,
2197,Pro,2026-03-23 20:27:36.989848,
2198,Pro,2026-04-16 20:27:36.989848,2026-06-11 20:27:36.989848
2199,Pro,2026-03-05 20:27:36.989848,
2200,Pro,2026-03-05 20:27:36.989848,
2201,Free,2026-04-16 20:27:36.989848,2026-05-31 20:27:36.989848
2202,Free,2026-03-04 20:27:36.989848,
2203,Pro,2026-04-01 20:27:36.989848,2026-05-22 20:27:36.989848
2204,Free,2026-04-17 20:27:36.989848,
2205,Pro,2026-03-15 20:27:36.989848,
2206,Free,2026-04-14 20:27:36.989848,
2207,Enterprise,2026-03-27 20:27:36.989848,2026-05-06 20:27:36.989848
2208,Pro,2026-04-13 20:27:36.989848,
2209,Free,2026-04-01 20:27:36.989848,
2210,Free,2026-03-20 20:27:36.989848,
2211,Pro,2026-03-16 20:27:36.989848,
2212,Free,2026-03-16 20:27:36.989848,
2213,Free,2026-02-22 20:27:36.989848,
2214,Free,2026-04-03 20:27:36.989848,2026-05-02 20:27:36.989848
2215,Free,2026-04-13 20:27:36.989848,2026-05-20 20:27:36.989848
2216,Free,2026-02-20 20:27:36.989848,
2217,Free,2026-02-23 20:27:36.989848,
2218,Pro,2026-04-15 20:27:36.989848,
2219,Free,2026-03-27 20:27:36.989848,
2220,Free,2026-04-13 20:27:36.989848,
2221,Enterprise,2026-03-16 20:27:36.989848,
2222,Pro,2026-02-24 20:27:36.989848,
2223,Free,2026-04-01 20:27:36.989848,
2224,Pro,2026-03-01 20:27:36.989848,
2225,Free,2026-03-11 20:27:36.989848,
2226,Free,2026-04-03 20:27:36.989848,
2227,Free,2026-04-09 20:27:36.989848,
2228,Free,2026-03-20 20:27:36.989848,
2229,Free,2026-02-27 20:27:36.989848,
2230,Pro,2026-03-09 20:27:36.989848,
2231,Pro,2026-02-26 20:27:36.989848,
2232,Pro,2026-03-22 20:27:36.989848,
2233,Free,2026-04-09 20:27:36.989848,2026-05-24 20:27:36.989848
2234,Pro,2026-03-23 20:27:36.989848,
2235,Pro,2026-04-06 20:27:36.989848,
2236,Free,2026-03-22 20:27:36.989848,
2237,Free,2026-03-18 20:27:36.989848,2026-05-12 20:27:36.989848
2238,Free,2026-03-12 20:27:36.989848,
2239,Free,2026-04-02 20:27:36.989848,
2240,Free,2026-04-09 20:27:36.989848,2026-05-11 20:27:36.989848
2241,Free,2026-03-29 20:27:36.989848,
2242,Free,2026-04-08 20:27:36.989848,
2243,Pro,2026-04-05 20:27:36.989848,
2244,Free,2026-03-08 20:27:36.989848,
2245,Free,2026-02-28 20:27:36.989848,2026-04-04 20:27:36.989848
2246,Free,2026-03-04 20:27:36.989848,
2247,Enterprise,2026-03-29 20:27:36.989848,
2248,Free,2026-04-10 20:27:36.989848,2026-04-23 20:27:36.989848
2249,Free,2026-03-15 20:27:36.989848,
2250,Free,2026-04-12 20:27:36.989848,
2251,Free,2026-04-11 20:27:36.989848,
2252,Pro,2026-04-10 20:27:36.989848,
2253,Free,2026-02-21 20:27:36.989848,2026-03-05 20:27:36.989848
2254,Free,2026-04-08 20:27:36.989848,
2255,Free,2026-02-27 20:27:36.989848,
2256,Free,2026-03-01 20:27:36.989848,
2257,Free,2026-02-19 20:27:36.989848,
2258,Free,2026-03-08 20:27:36.989848,2026-04-24 20:27:36.989848
2259,Free,2026-04-04 20:27:36.989848,
2260,Free,2026-03-12 20:27:36.989848,
2261,Free,2026-04-05 20:27:36.989848,
2262,Free,2026-03-05 20:27:36.989848,
2263,Free,2026-04-02 20:27:36.989848,
2264,Free,2026-03-22 20:27:36.989848,
2265,Free,2026-03-13 20:27:36.989848,
2266,Pro,2026-03-30 20:27:36.989848,2026-04-08 20:27:36.989848
2267,Free,2026-03-15 20:27:36.989848,2026-05-13 20:27:36.989848
2268,Free,2026-03-16 20:27:36.989848,
2269,Free,2026-03-11 20:27:36.989848,
2270,Free,2026-04-01 20:27:36.989848,2026-05-21 20:27:36.989848
2271,Free,2026-04-04 20:27:36.989848,
2272,Free,2026-04-17 20:27:36.989848,
2273,Pro,2026-03-02 20:27:36.989848,
2274,Free,2026-03-13 20:27:36.989848,
2275,Free,2026-03-01 20:27:36.989848,
2276,Free,2026-02-20 20:27:36.989848,
2277,Free,2026-03-20 20:27:36.989848,
2278,Enterprise,2026-04-19 20:27:36.989848,2026-05-18 20:27:36.989848
2279,Free,2026-03-30 20:27:36.989848,
2280,Pro,2026-03-29 20:27:36.989848,
2281,Free,2026-04-11 20:27:36.989848,
2282,Free,2026-03-28 20:27:36.989848,
2283,Free,2026-04-16 20:27:36.989848,
2284,Free,2026-04-16 20:27:36.989848,
2285,Free,2026-02-23 20:27:36.989848,
2286,Free,2026-03-15 20:27:36.989848,2026-04-25 20:27:36.989848
2287,Free,2026-02-23 20:27:36.989848,
2288,Free,2026-04-16 20:27:36.989848,
2289,Pro,2026-04-12 20:27:36.989848,
2290,Free,2026-03-30 20:27:36.989848,
2291,Free,2026-04-09 20:27:36.989848,
2292,Pro,2026-04-11 20:27:36.989848,
2293,Pro,2026-03-29 20:27:36.989848,
2294,Pro,2026-03-14 20:27:36.989848,2026-05-03 20:27:36.989848
2295,Free,2026-04-09 20:27:36.989848,2026-06-04 20:27:36.989848
2296,Free,2026-04-18 20:27:36.989848,
2297,Free,2026-04-08 20:27:36.989848,
2298,Free,2026-03-31 20:27:36.989848,
2299,Pro,2026-03-08 20:27:36.989848,
2300,Free,2026-04-19 20:27:36.989848,
2301,Free,2026-03-16 20:27:36.989848,
2302,Pro,2026-03-04 20:27:36.989848,
2303,Free,2026-03-11 20:27:36.989848,
2304,Free,2026-03-07 20:27:36.989848,
2305,Free,2026-03-20 20:27:36.989848,
2306,Free,2026-03-03 20:27:36.989848,
2307,Free,2026-03-23 20:27:36.989848,
2308,Free,2026-03-23 20:27:36.989848,
2309,Pro,2026-03-09 20:27:36.989848,
2310,Pro,2026-03-27 20:27:36.989848,
2311,Free,2026-02-28 20:27:36.989848,
2312,Pro,2026-03-17 20:27:36.989848,
2313,Free,2026-03-20 20:27:36.989848,
2314,Free,2026-03-06 20:27:36.989848,
2315,Free,2026-03-02 20:27:36.989848,
2316,Free,2026-04-02 20:27:36.989848,
2317,Free,2026-03-31 20:27:36.989848,
2318,Free,2026-03-15 20:27:36.989848,
2319,Pro,2026-03-28 20:27:36.989848,
2320,Pro,2026-03-23 20:27:36.989848,
2321,Pro,2026-04-04 20:27:36.989848,
2322,Free,2026-03-16 20:27:36.989848,
2323,Free,2026-02-25 20:27:36.989848,
2324,Pro,2026-03-14 20:27:36.989848,
2325,Free,2026-03-22 20:27:36.989848,
2326,Free,2026-04-17 20:27:36.989848,
2327,Pro,2026-04-13 20:27:36.989848,
2328,Free,2026-04-11 20:27:36.989848,
2329,Free,2026-03-16 20:27:36.989848,
2330,Free,2026-02-26 20:27:36.989848,
2331,Free,2026-03-09 20:27:36.989848,
2332,Free,2026-04-02 20:27:36.989848,
2333,Pro,2026-04-07 20:27:36.989848,
2334,Pro,2026-03-09 20:27:36.989848,
2335,Free,2026-03-27 20:27:36.989848,
2336,Pro,2026-04-02 20:27:36.989848,2026-04-10 20:27:36.989848
2337,Free,2026-04-11 20:27:36.989848,
2338,Pro,2026-03-13 20:27:36.989848,
2339,Free,2026-03-18 20:27:36.989848,
2340,Free,2026-03-19 20:27:36.989848,2026-04-12 20:27:36.989848
2341,Free,2026-04-09 20:27:36.989848,2026-04-25 20:27:36.989848
2342,Free,2026-03-25 20:27:36.989848,
2343,Free,2026-02-21 20:27:36.989848,2026-03-13 20:27:36.989848
2344,Free,2026-03-01 20:27:36.989848,2026-03-28 20:27:36.989848
2345,Pro,2026-03-05 20:27:36.989848,2026-04-02 20:27:36.989848
2346,Free,2026-04-11 20:27:36.989848,
2347,Free,2026-03-03 20:27:36.989848,
2348,Free,2026-02-26 20:27:36.989848,
2349,Enterprise,2026-03-27 20:27:36.989848,
2350,Free,2026-02-26 20:27:36.989848,
2351,Free,2026-04-02 20:27:36.989848,
2352,Pro,2026-03-04 20:27:36.989848,
2353,Free,2026-04-04 20:27:36.989848,
2354,Pro,2026-03-19 20:27:36.989848,
2355,Free,2026-03-18 20:27:36.989848,
2356,Free,2026-03-22 20:27:36.989848,
2357,Free,2026-02-24 20:27:36.989848,
2358,Free,2026-04-15 20:27:36.989848,
2359,Pro,2026-04-06 20:27:36.989848,2026-05-04 20:27:36.989848
2360,Free,2026-02-19 20:27:36.989848,
2361,Free,2026-04-02 20:27:36.989848,2026-04-15 20:27:36.989848
2362,Free,2026-03-24 20:27:36.989848,
2363,Free,2026-04-11 20:27:36.989848,
2364,Free,2026-03-08 20:27:36.989848,
2365,Pro,2026-02-26 20:27:36.989848,
2366,Free,2026-02-26 20:27:36.989848,
2367,Pro,2026-03-23 20:27:36.989848,
2368,Free,2026-03-29 20:27:36.989848,
2369,Free,2026-03-27 20:27:36.989848,
2370,Pro,2026-03-18 20:27:36.989848,
2371,Free,2026-03-04 20:27:36.989848,
2372,Enterprise,2026-04-01 20:27:36.989848,
2373,Free,2026-02-25 20:27:36.989848,
2374,Free,2026-04-03 20:27:36.989848,
2375,Free,2026-03-10 20:27:36.989848,
2376,Free,2026-03-30 20:27:36.989848,
2377,Pro,2026-02-25 20:27:36.989848,2026-04-14 20:27:36.989848
2378,Pro,2026-02-27 20:27:36.989848,
2379,Free,2026-04-07 20:27:36.989848,
2380,Free,2026-03-04 20:27:36.989848,2026-03-29 20:27:36.989848
2381,Pro,2026-03-05 20:27:36.989848,
2382,Free,2026-02-22 20:27:36.989848,
2383,Free,2026-03-11 20:27:36.989848,
2384,Enterprise,2026-04-07 20:27:36.989848,2026-05-13 20:27:36.989848
2385,Free,2026-03-27 20:27:36.989848,
2386,Pro,2026-02-20 20:27:36.989848,2026-03-04 20:27:36.989848
2387,Free,2026-03-30 20:27:36.989848,
2388,Pro,2026-02-20 20:27:36.989848,
2389,Free,2026-03-23 20:27:36.989848,
2390,Enterprise,2026-02-26 20:27:36.989848,
2391,Free,2026-04-06 20:27:36.989848,
2392,Free,2026-04-04 20:27:36.989848,
2393,Pro,2026-04-02 20:27:36.989848,
2394,Free,2026-03-22 20:27:36.989848,
2395,Free,2026-04-16 20:27:36.989848,2026-05-01 20:27:36.989848
2396,Free,2026-03-25 20:27:36.989848,
2397,Pro,2026-04-13 20:27:36.989848,
2398,Pro,2026-04-19 20:27:36.989848,
2399,Pro,2026-03-24 20:27:36.989848,
2400,Pro,2026-02-26 20:27:36.989848,2026-04-08 20:27:36.989848
2401,Pro,2026-03-28 20:27:36.989848,
2402,Free,2026-03-18 20:27:36.989848,
2403,Free,2026-04-03 20:27:36.989848,
2404,Pro,2026-04-05 20:27:36.989848,
2405,Free,2026-02-27 20:27:36.989848,
2406,Free,2026-03-03 20:27:36.989848,
2407,Free,2026-02-28 20:27:36.989848,
2408,Pro,2026-03-03 20:27:36.989848,
2409,Free,2026-04-05 20:27:36.989848,
2410,Free,2026-03-31 20:27:36.989848,
2411,Free,2026-03-15 20:27:36.989848,
2412,Enterprise,2026-04-13 20:27:36.989848,
2413,Free,2026-03-04 20:27:36.989848,
2414,Free,2026-04-15 20:27:36.989848,
2415,Pro,2026-03-02 20:27:36.989848,
2416,Free,2026-03-21 20:27:36.989848,
2417,Pro,2026-04-11 20:27:36.989848,2026-05-09 20:27:36.989848
2418,Free,2026-04-15 20:27:36.989848,
2419,Pro,2026-04-18 20:27:36.989848,
2420,Free,2026-04-18 20:27:36.989848,
2421,Pro,2026-04-07 20:27:36.989848,
2422,Enterprise,2026-03-24 20:27:36.989848,
2423,Free,2026-03-26 20:27:36.989848,
2424,Pro,2026-02-20 20:27:36.989848,
2425,Free,2026-03-18 20:27:36.989848,
2426,Free,2026-03-30 20:27:36.989848,
2427,Pro,2026-03-02 20:27:36.989848,
2428,Free,2026-03-22 20:27:36.989848,
2429,Free,2026-03-03 20:27:36.989848,
2430,Free,2026-03-27 20:27:36.989848,
2431,Pro,2026-02-23 20:27:36.989848,
2432,Free,2026-04-10 20:27:36.989848,
2433,Free,2026-03-28 20:27:36.989848,
2434,Enterprise,2026-03-29 20:27:36.989848,
2435,Free,2026-02-26 20:27:36.989848,
2436,Pro,2026-04-05 20:27:36.989848,2026-04-23 20:27:36.989848
2437,Free,2026-03-17 20:27:36.989848,
2438,Free,2026-04-01 20:27:36.989848,
2439,Free,2026-03-19 20:27:36.989848,
2440,Enterprise,2026-03-06 20:27:36.989848,
2441,Free,2026-03-28 20:27:36.989848,
2442,Free,2026-03-26 20:27:36.989848,2026-05-15 20:27:36.989848
2443,Free,2026-04-14 20:27:36.989848,
2444,Free,2026-04-01 20:27:36.989848,
2445,Pro,2026-03-29 20:27:36.989848,
2446,Free,2026-04-17 20:27:36.989848,
2447,Free,2026-03-24 20:27:36.989848,
2448,Free,2026-02-23 20:27:36.989848,
2449,Pro,2026-03-22 20:27:36.989848,
2450,Free,2026-03-21 20:27:36.989848,
2451,Pro,2026-03-02 20:27:36.989848,2026-03-14 20:27:36.989848
2452,Free,2026-02-23 20:27:36.989848,
2453,Enterprise,2026-03-19 20:27:36.989848,
2454,Free,2026-02-26 20:27:36.989848,
2455,Free,2026-03-29 20:27:36.989848,2026-05-08 20:27:36.989848
2456,Enterprise,2026-03-30 20:27:36.989848,
2457,Free,2026-04-03 20:27:36.989848,
2458,Enterprise,2026-04-08 20:27:36.989848,2026-05-07 20:27:36.989848
2459,Pro,2026-02-25 20:27:36.989848,2026-03-06 20:27:36.989848
2460,Free,2026-03-10 20:27:36.989848,
2461,Free,2026-04-03 20:27:36.989848,
2462,Pro,2026-03-25 20:27:36.989848,
2463,Free,2026-04-03 20:27:36.989848,
2464,Free,2026-04-08 20:27:36.989848,
2465,Free,2026-02-28 20:27:36.989848,
2466,Pro,2026-03-31 20:27:36.989848,
2467,Pro,2026-03-27 20:27:36.989848,
2468,Free,2026-03-02 20:27:36.989848,2026-03-27 20:27:36.989848
2469,Free,2026-04-12 20:27:36.989848,
2470,Free,2026-02-24 20:27:36.989848,2026-04-19 20:27:36.989848
2471,Enterprise,2026-04-07 20:27:36.989848,
2472,Free,2026-04-08 20:27:36.989848,
2473,Free,2026-04-05 20:27:36.989848,
2474,Free,2026-03-11 20:27:36.989848,2026-04-10 20:27:36.989848
2475,Free,2026-02-25 20:27:36.989848,
2476,Pro,2026-03-20 20:27:36.989848,
2477,Enterprise,2026-03-14 20:27:36.989848,2026-04-01 20:27:36.989848
2478,Free,2026-02-22 20:27:36.989848,
2479,Pro,2026-03-13 20:27:36.989848,
2480,Pro,2026-03-14 20:27:36.989848,
2481,Pro,2026-02-25 20:27:36.989848,2026-04-01 20:27:36.989848
2482,Free,2026-03-03 20:27:36.989848,
2483,Free,2026-04-16 20:27:36.989848,
2484,Free,2026-03-01 20:27:36.989848,
2485,Enterprise,2026-03-29 20:27:36.989848,2026-04-21 20:27:36.989848
2486,Pro,2026-04-19 20:27:36.989848,
2487,Free,2026-03-03 20:27:36.989848,
2488,Free,2026-03-01 20:27:36.989848,
2489,Free,2026-02-25 20:27:36.989848,
2490,Pro,2026-04-02 20:27:36.989848,
2491,Free,2026-03-09 20:27:36.989848,
2492,Enterprise,2026-04-16 20:27:36.989848,
2493,Free,2026-02-25 20:27:36.989848,
2494,Free,2026-02-19 20:27:36.989848,
2495,Free,2026-03-18 20:27:36.989848,
2496,Free,2026-03-27 20:27:36.989848,
2497,Free,2026-03-08 20:27:36.989848,2026-04-14 20:27:36.989848
2498,Free,2026-04-14 20:27:36.989848,2026-05-26 20:27:36.989848
2499,Enterprise,2026-04-12 20:27:36.989848,
2500,Free,2026-02-20 20:27:36.989848,
2501,Free,2026-03-26 20:27:36.989848,
2502,Free,2026-04-13 20:27:36.989848,
2503,Free,2026-04-14 20:27:36.989848,
2504,Free,2026-04-15 20:27:36.989848,
2505,Free,2026-03-06 20:27:36.989848,
2506,Free,2026-03-19 20:27:36.989848,
2507,Free,2026-03-15 20:27:36.989848,
2508,Pro,2026-03-12 20:27:36.989848,2026-04-05 20:27:36.989848
2509,Free,2026-04-08 20:27:36.989848,
2510,Free,2026-03-16 20:27:36.989848,
2511,Free,2026-03-04 20:27:36.989848,
2512,Free,2026-04-08 20:27:36.989848,
2513,Free,2026-03-04 20:27:36.989848,2026-04-23 20:27:36.989848
2514,Pro,2026-03-07 20:27:36.989848,
2515,Free,2026-03-13 20:27:36.989848,
2516,Pro,2026-04-16 20:27:36.989848,
2517,Free,2026-04-19 20:27:36.989848,
2518,Pro,2026-04-02 20:27:36.989848,
2519,Free,2026-04-16 20:27:36.989848,
2520,Free,2026-02-24 20:27:36.989848,
2521,Free,2026-03-15 20:27:36.989848,
2522,Free,2026-04-10 20:27:36.989848,
2523,Free,2026-02-24 20:27:36.989848,
2524,Free,2026-04-19 20:27:36.989848,
2525,Free,2026-03-28 20:27:36.989848,
2526,Free,2026-03-29 20:27:36.989848,
2527,Pro,2026-03-21 20:27:36.989848,
2528,Free,2026-04-17 20:27:36.989848,2026-05-02 20:27:36.989848
2529,Pro,2026-04-14 20:27:36.989848,
2530,Free,2026-02-20 20:27:36.989848,
2531,Pro,2026-03-21 20:27:36.989848,
2532,Free,2026-03-01 20:27:36.989848,
2533,Pro,2026-02-28 20:27:36.989848,
2534,Pro,2026-04-09 20:27:36.989848,2026-05-03 20:27:36.989848
2535,Free,2026-03-31 20:27:36.989848,
2536,Free,2026-03-24 20:27:36.989848,
2537,Free,2026-03-20 20:27:36.989848,2026-04-06 20:27:36.989848
2538,Free,2026-04-15 20:27:36.989848,
2539,Free,2026-03-10 20:27:36.989848,
2540,Free,2026-02-22 20:27:36.989848,
2541,Pro,2026-03-08 20:27:36.989848,
2542,Free,2026-03-14 20:27:36.989848,
2543,Free,2026-03-14 20:27:36.989848,
2544,Free,2026-03-06 20:27:36.989848,
2545,Free,2026-03-16 20:27:36.989848,2026-04-29 20:27:36.989848
2546,Free,2026-04-08 20:27:36.989848,
2547,Free,2026-03-19 20:27:36.989848,
2548,Free,2026-03-29 20:27:36.989848,
2549,Free,2026-02-21 20:27:36.989848,2026-04-10 20:27:36.989848
2550,Free,2026-04-06 20:27:36.989848,
2551,Free,2026-04-01 20:27:36.989848,
2552,Free,2026-04-15 20:27:36.989848,
2553,Free,2026-03-07 20:27:36.989848,
2554,Pro,2026-04-11 20:27:36.989848,
2555,Free,2026-04-05 20:27:36.989848,
2556,Pro,2026-04-12 20:27:36.989848,
2557,Free,2026-04-04 20:27:36.989848,2026-05-21 20:27:36.989848
2558,Free,2026-03-08 20:27:36.989848,
2559,Pro,2026-02-27 20:27:36.989848,
2560,Pro,2026-04-06 20:27:36.989848,
2561,Free,2026-02-19 20:27:36.989848,
2562,Pro,2026-04-13 20:27:36.989848,
2563,Free,2026-03-16 20:27:36.989848,
2564,Free,2026-03-23 20:27:36.989848,
2565,Free,2026-04-19 20:27:36.989848,
2566,Pro,2026-03-14 20:27:36.989848,
2567,Free,2026-03-03 20:27:36.989848,
2568,Free,2026-04-18 20:27:36.989848,
2569,Free,2026-04-17 20:27:36.989848,2026-05-21 20:27:36.989848
2570,Free,2026-03-29 20:27:36.989848,
2571,Enterprise,2026-03-11 20:27:36.989848,
2572,Pro,2026-03-25 20:27:36.989848,
2573,Free,2026-03-12 20:27:36.989848,
2574,Free,2026-04-15 20:27:36.989848,2026-05-16 20:27:36.989848
2575,Free,2026-02-24 20:27:36.989848,
2576,Enterprise,2026-04-19 20:27:36.989848,2026-05-28 20:27:36.989848
2577,Free,2026-02-24 20:27:36.989848,2026-04-05 20:27:36.989848
2578,Pro,2026-03-19 20:27:36.989848,
2579,Free,2026-04-12 20:27:36.989848,
2580,Free,2026-04-07 20:27:36.989848,
2581,Pro,2026-03-06 20:27:36.989848,
2582,Free,2026-03-30 20:27:36.989848,
2583,Free,2026-03-08 20:27:36.989848,
2584,Free,2026-02-19 20:27:36.989848,
2585,Free,2026-02-22 20:27:36.989848,
2586,Free,2026-03-13 20:27:36.989848,
2587,Pro,2026-04-07 20:27:36.989848,
2588,Free,2026-02-28 20:27:36.989848,
2589,Free,2026-02-19 20:27:36.989848,
2590,Free,2026-03-18 20:27:36.989848,
2591,Free,2026-04-02 20:27:36.989848,2026-05-12 20:27:36.989848
2592,Free,2026-03-01 20:27:36.989848,
2593,Free,2026-04-18 20:27:36.989848,
2594,Pro,2026-02-27 20:27:36.989848,
2595,Free,2026-04-18 20:27:36.989848,
2596,Free,2026-03-21 20:27:36.989848,2026-04-16 20:27:36.989848
2597,Pro,2026-02-20 20:27:36.989848,2026-03-02 20:27:36.989848
2598,Free,2026-04-17 20:27:36.989848,
2599,Pro,2026-03-13 20:27:36.989848,
2600,Pro,2026-02-28 20:27:36.989848,
2601,Free,2026-02-20 20:27:36.989848,2026-03-30 20:27:36.989848
2602,Free,2026-03-02 20:27:36.989848,
2603,Free,2026-04-09 20:27:36.989848,2026-06-07 20:27:36.989848
2604,Free,2026-02-28 20:27:36.989848,
2605,Free,2026-04-06 20:27:36.989848,2026-04-23 20:27:36.989848
2606,Free,2026-03-10 20:27:36.989848,
2607,Free,2026-04-09 20:27:36.989848,2026-05-11 20:27:36.989848
2608,Free,2026-04-05 20:27:36.989848,
2609,Free,2026-02-22 20:27:36.989848,
2610,Free,2026-02-22 20:27:36.989848,
2611,Pro,2026-03-07 20:27:36.989848,
2612,Free,2026-02-24 20:27:36.989848,
2613,Free,2026-03-20 20:27:36.989848,
2614,Free,2026-02-25 20:27:36.989848,2026-03-25 20:27:36.989848
2615,Pro,2026-03-21 20:27:36.989848,2026-05-07 20:27:36.989848
2616,Free,2026-04-06 20:27:36.989848,
2617,Free,2026-03-06 20:27:36.989848,
2618,Free,2026-03-31 20:27:36.989848,2026-04-27 20:27:36.989848
2619,Free,2026-03-24 20:27:36.989848,
2620,Free,2026-02-20 20:27:36.989848,
2621,Free,2026-04-17 20:27:36.989848,
2622,Pro,2026-03-31 20:27:36.989848,2026-04-10 20:27:36.989848
2623,Free,2026-02-28 20:27:36.989848,2026-03-20 20:27:36.989848
2624,Free,2026-04-04 20:27:36.989848,
2625,Free,2026-03-01 20:27:36.989848,
2626,Pro,2026-03-08 20:27:36.989848,
2627,Pro,2026-04-08 20:27:36.989848,
2628,Pro,2026-04-01 20:27:36.989848,
2629,Free,2026-03-15 20:27:36.989848,
2630,Free,2026-03-18 20:27:36.989848,
2631,Pro,2026-04-03 20:27:36.989848,2026-04-26 20:27:36.989848
2632,Free,2026-03-04 20:27:36.989848,
2633,Free,2026-03-11 20:27:36.989848,2026-04-18 20:27:36.989848
2634,Free,2026-03-25 20:27:36.989848,
2635,Free,2026-04-11 20:27:36.989848,
2636,Pro,2026-03-30 20:27:36.989848,2026-05-05 20:27:36.989848
2637,Pro,2026-04-07 20:27:36.989848,
2638,Pro,2026-04-19 20:27:36.989848,
2639,Free,2026-02-27 20:27:36.989848,
2640,Free,2026-04-07 20:27:36.989848,
2641,Free,2026-03-03 20:27:36.989848,
2642,Free,2026-03-14 20:27:36.989848,
2643,Free,2026-04-17 20:27:36.989848,
2644,Free,2026-03-12 20:27:36.989848,
2645,Free,2026-03-04 20:27:36.989848,
2646,Free,2026-03-22 20:27:36.989848,
2647,Pro,2026-03-03 20:27:36.989848,
2648,Enterprise,2026-03-06 20:27:36.989848,
2649,Free,2026-02-26 20:27:36.989848,2026-03-16 20:27:36.989848
2650,Pro,2026-03-04 20:27:36.989848,
2651,Free,2026-04-02 20:27:36.989848,
2652,Free,2026-03-20 20:27:36.989848,
2653,Free,2026-03-18 20:27:36.989848,2026-04-07 20:27:36.989848
2654,Pro,2026-04-04 20:27:36.989848,
2655,Free,2026-04-11 20:27:36.989848,2026-05-25 20:27:36.989848
2656,Free,2026-04-16 20:27:36.989848,
2657,Free,2026-03-21 20:27:36.989848,
2658,Free,2026-03-14 20:27:36.989848,2026-03-22 20:27:36.989848
2659,Free,2026-03-23 20:27:36.989848,
2660,Pro,2026-03-24 20:27:36.989848,
2661,Pro,2026-03-15 20:27:36.989848,
2662,Free,2026-04-04 20:27:36.989848,
2663,Free,2026-03-12 20:27:36.989848,
2664,Free,2026-03-26 20:27:36.989848,
2665,Free,2026-02-21 20:27:36.989848,
2666,Pro,2026-02-19 20:27:36.989848,2026-03-24 20:27:36.989848
2667,Free,2026-02-23 20:27:36.989848,
2668,Free,2026-03-19 20:27:36.989848,
2669,Pro,2026-04-14 20:27:36.989848,
2670,Free,2026-02-21 20:27:36.989848,2026-04-09 20:27:36.989848
2671,Free,2026-02-20 20:27:36.989848,
2672,Free,2026-03-06 20:27:36.989848,
2673,Free,2026-04-10 20:27:36.989848,
2674,Free,2026-03-26 20:27:36.989848,
2675,Enterprise,2026-02-27 20:27:36.989848,
2676,Free,2026-03-05 20:27:36.989848,2026-04-26 20:27:36.989848
2677,Free,2026-03-14 20:27:36.989848,
2678,Free,2026-02-28 20:27:36.989848,
2679,Free,2026-04-04 20:27:36.989848,
2680,Pro,2026-03-08 20:27:36.989848,
2681,Free,2026-03-10 20:27:36.989848,
2682,Free,2026-03-01 20:27:36.989848,
2683,Free,2026-03-15 20:27:36.989848,
2684,Pro,2026-03-04 20:27:36.989848,
2685,Free,2026-02-26 20:27:36.989848,
2686,Free,2026-03-09 20:27:36.989848,
2687,Free,2026-04-09 20:27:36.989848,
2688,Free,2026-04-05 20:27:36.989848,
2689,Pro,2026-03-06 20:27:36.989848,2026-04-28 20:27:36.989848
2690,Free,2026-03-04 20:27:36.989848,
2691,Free,2026-03-05 20:27:36.989848,2026-04-14 20:27:36.989848
2692,Free,2026-02-28 20:27:36.989848,
2693,Free,2026-03-18 20:27:36.989848,2026-04-07 20:27:36.989848
2694,Free,2026-04-01 20:27:36.989848,
2695,Free,2026-03-22 20:27:36.989848,
2696,Free,2026-03-29 20:27:36.989848,
2697,Pro,2026-03-05 20:27:36.989848,
2698,Free,2026-03-09 20:27:36.989848,2026-04-08 20:27:36.989848
2699,Free,2026-03-12 20:27:36.989848,
2700,Free,2026-04-19 20:27:36.989848,
2701,Pro,2026-02-19 20:27:36.989848,2026-04-10 20:27:36.989848
2702,Free,2026-03-27 20:27:36.989848,
2703,Free,2026-03-28 20:27:36.989848,
2704,Enterprise,2026-03-02 20:27:36.989848,
2705,Enterprise,2026-02-28 20:27:36.989848,
2706,Free,2026-02-25 20:27:36.989848,2026-03-13 20:27:36.989848
2707,Free,2026-03-29 20:27:36.989848,
2708,Free,2026-02-21 20:27:36.989848,
2709,Free,2026-04-11 20:27:36.989848,
2710,Free,2026-04-06 20:27:36.989848,2026-05-24 20:27:36.989848
2711,Pro,2026-03-13 20:27:36.989848,
2712,Free,2026-04-03 20:27:36.989848,
2713,Free,2026-03-16 20:27:36.989848,
2714,Free,2026-04-08 20:27:36.989848,
2715,Free,2026-03-08 20:27:36.989848,
2716,Free,2026-02-24 20:27:36.989848,
2717,Pro,2026-03-12 20:27:36.989848,
2718,Pro,2026-02-27 20:27:36.989848,
2719,Pro,2026-04-17 20:27:36.989848,
2720,Free,2026-03-21 20:27:36.989848,
2721,Pro,2026-03-25 20:27:36.989848,
2722,Pro,2026-04-04 20:27:36.989848,2026-05-12 20:27:36.989848
2723,Pro,2026-03-23 20:27:36.989848,
2724,Free,2026-03-24 20:27:36.989848,
2725,Pro,2026-04-02 20:27:36.989848,
2726,Pro,2026-02-27 20:27:36.989848,
2727,Pro,2026-03-16 20:27:36.989848,
2728,Free,2026-04-10 20:27:36.989848,
2729,Free,2026-04-15 20:27:36.989848,2026-05-05 20:27:36.989848
2730,Free,2026-03-14 20:27:36.989848,
2731,Pro,2026-04-10 20:27:36.989848,
2732,Pro,2026-03-09 20:27:36.989848,2026-04-29 20:27:36.989848
2733,Enterprise,2026-04-15 20:27:36.989848,
2734,Free,2026-03-19 20:27:36.989848,
2735,Free,2026-04-18 20:27:36.989848,
2736,Free,2026-03-21 20:27:36.989848,
2737,Free,2026-03-15 20:27:36.989848,
2738,Free,2026-03-25 20:27:36.989848,2026-04-18 20:27:36.989848
2739,Free,2026-04-07 20:27:36.989848,
2740,Free,2026-03-31 20:27:36.989848,
2741,Free,2026-03-28 20:27:36.989848,
2742,Free,2026-03-16 20:27:36.989848,
2743,Free,2026-04-08 20:27:36.989848,
2744,Free,2026-04-14 20:27:36.989848,
2745,Pro,2026-04-11 20:27:36.989848,
2746,Free,2026-04-16 20:27:36.989848,
2747,Free,2026-02-24 20:27:36.989848,2026-04-07 20:27:36.989848
2748,Free,2026-02-23 20:27:36.989848,
2749,Pro,2026-03-17 20:27:36.989848,
2750,Enterprise,2026-03-03 20:27:36.989848,2026-04-23 20:27:36.989848
2751,Enterprise,2026-03-18 20:27:36.989848,
2752,Pro,2026-02-22 20:27:36.989848,
2753,Free,2026-04-02 20:27:36.989848,2026-05-07 20:27:36.989848
2754,Pro,2026-02-28 20:27:36.989848,
2755,Free,2026-04-19 20:27:36.989848,2026-05-09 20:27:36.989848
2756,Free,2026-03-05 20:27:36.989848,
2757,Pro,2026-04-07 20:27:36.989848,2026-06-02 20:27:36.989848
2758,Free,2026-03-27 20:27:36.989848,2026-04-29 20:27:36.989848
2759,Free,2026-03-05 20:27:36.989848,
2760,Pro,2026-03-19 20:27:36.989848,
2761,Pro,2026-04-05 20:27:36.989848,
2762,Free,2026-03-07 20:27:36.989848,2026-04-29 20:27:36.989848
2763,Enterprise,2026-03-11 20:27:36.989848,
2764,Free,2026-02-24 20:27:36.989848,
2765,Free,2026-03-12 20:27:36.989848,
2766,Free,2026-04-06 20:27:36.989848,2026-06-03 20:27:36.989848
2767,Free,2026-04-06 20:27:36.989848,
2768,Free,2026-03-22 20:27:36.989848,
2769,Free,2026-04-07 20:27:36.989848,2026-04-30 20:27:36.989848
2770,Free,2026-04-19 20:27:36.989848,
2771,Enterprise,2026-03-23 20:27:36.989848,
2772,Free,2026-04-18 20:27:36.989848,
2773,Free,2026-03-31 20:27:36.989848,
2774,Free,2026-02-26 20:27:36.989848,
2775,Free,2026-03-02 20:27:36.989848,
2776,Free,2026-03-15 20:27:36.989848,2026-03-22 20:27:36.989848
2777,Free,2026-04-01 20:27:36.989848,
2778,Free,2026-04-02 20:27:36.989848,
2779,Free,2026-04-15 20:27:36.989848,
2780,Free,2026-03-07 20:27:36.989848,
2781,Free,2026-04-09 20:27:36.989848,
2782,Free,2026-02-22 20:27:36.989848,
2783,Free,2026-04-01 20:27:36.989848,
2784,Free,2026-04-14 20:27:36.989848,2026-05-14 20:27:36.989848
2785,Enterprise,2026-04-13 20:27:36.989848,
2786,Free,2026-03-14 20:27:36.989848,
2787,Free,2026-03-07 20:27:36.989848,
2788,Free,2026-03-05 20:27:36.989848,2026-04-07 20:27:36.989848
2789,Pro,2026-04-17 20:27:36.989848,
2790,Free,2026-03-21 20:27:36.989848,
2791,Pro,2026-04-04 20:27:36.989848,2026-05-26 20:27:36.989848
2792,Enterprise,2026-03-06 20:27:36.989848,2026-04-08 20:27:36.989848
2793,Free,2026-03-15 20:27:36.989848,
2794,Pro,2026-03-26 20:27:36.989848,
2795,Free,2026-03-07 20:27:36.989848,
2796,Free,2026-03-31 20:27:36.989848,
2797,Free,2026-04-07 20:27:36.989848,
2798,Free,2026-04-08 20:27:36.989848,2026-04-30 20:27:36.989848
2799,Free,2026-03-16 20:27:36.989848,2026-04-10 20:27:36.989848
2800,Enterprise,2026-04-04 20:27:36.989848,
2801,Pro,2026-04-15 20:27:36.989848,
2802,Free,2026-04-02 20:27:36.989848,
2803,Free,2026-03-28 20:27:36.989848,
2804,Pro,2026-03-01 20:27:36.989848,
2805,Pro,2026-02-20 20:27:36.989848,
2806,Free,2026-04-01 20:27:36.989848,
2807,Free,2026-03-14 20:27:36.989848,
2808,Free,2026-03-09 20:27:36.989848,
2809,Free,2026-04-13 20:27:36.989848,
2810,Enterprise,2026-03-13 20:27:36.989848,
2811,Free,2026-03-21 20:27:36.989848,2026-04-12 20:27:36.989848
2812,Free,2026-02-25 20:27:36.989848,
2813,Free,2026-04-05 20:27:36.989848,
2814,Free,2026-04-02 20:27:36.989848,
2815,Free,2026-03-16 20:27:36.989848,
2816,Free,2026-04-09 20:27:36.989848,
2817,Free,2026-04-13 20:27:36.989848,
2818,Free,2026-03-26 20:27:36.989848,
2819,Free,2026-03-14 20:27:36.989848,
2820,Free,2026-03-16 20:27:36.989848,
2821,Free,2026-02-19 20:27:36.989848,
2822,Free,2026-03-08 20:27:36.989848,
2823,Free,2026-04-08 20:27:36.989848,2026-04-24 20:27:36.989848
2824,Free,2026-03-05 20:27:36.989848,
2825,Free,2026-04-12 20:27:36.989848,2026-06-10 20:27:36.989848
2826,Free,2026-03-07 20:27:36.989848,
2827,Free,2026-04-01 20:27:36.989848,
2828,Free,2026-03-25 20:27:36.989848,
2829,Free,2026-04-18 20:27:36.989848,2026-04-27 20:27:36.989848
2830,Free,2026-03-09 20:27:36.989848,
2831,Free,2026-03-19 20:27:36.989848,
2832,Free,2026-03-04 20:27:36.989848,
2833,Enterprise,2026-04-07 20:27:36.989848,
2834,Free,2026-03-13 20:27:36.989848,
2835,Pro,2026-03-21 20:27:36.989848,
2836,Free,2026-03-25 20:27:36.989848,
2837,Free,2026-03-19 20:27:36.989848,
2838,Free,2026-02-19 20:27:36.989848,
2839,Free,2026-04-05 20:27:36.989848,
2840,Free,2026-04-16 20:27:36.989848,2026-06-05 20:27:36.989848
2841,Free,2026-03-03 20:27:36.989848,
2842,Pro,2026-04-10 20:27:36.989848,
2843,Free,2026-03-19 20:27:36.989848,
2844,Free,2026-03-21 20:27:36.989848,
2845,Free,2026-03-03 20:27:36.989848,
2846,Free,2026-03-31 20:27:36.989848,
2847,Free,2026-04-09 20:27:36.989848,2026-06-03 20:27:36.989848
2848,Free,2026-03-13 20:27:36.989848,
2849,Free,2026-03-24 20:27:36.989848,
2850,Enterprise,2026-02-21 20:27:36.989848,
2851,Pro,2026-03-12 20:27:36.989848,
2852,Free,2026-04-19 20:27:36.989848,
2853,Free,2026-02-25 20:27:36.989848,
2854,Pro,2026-02-26 20:27:36.989848,
2855,Free,2026-02-23 20:27:36.989848,2026-03-06 20:27:36.989848
2856,Pro,2026-04-17 20:27:36.989848,
2857,Free,2026-04-13 20:27:36.989848,
2858,Free,2026-02-26 20:27:36.989848,
2859,Enterprise,2026-04-14 20:27:36.989848,
2860,Pro,2026-03-08 20:27:36.989848,
2861,Free,2026-03-02 20:27:36.989848,
2862,Pro,2026-04-19 20:27:36.989848,
2863,Free,2026-04-10 20:27:36.989848,
2864,Pro,2026-02-21 20:27:36.989848,
2865,Free,2026-02-27 20:27:36.989848,
2866,Free,2026-03-11 20:27:36.989848,2026-05-03 20:27:36.989848
2867,Free,2026-03-23 20:27:36.989848,
2868,Pro,2026-03-29 20:27:36.989848,
2869,Pro,2026-03-27 20:27:36.989848,
2870,Free,2026-02-20 20:27:36.989848,
2871,Free,2026-03-31 20:27:36.989848,
2872,Free,2026-04-19 20:27:36.989848,
2873,Pro,2026-03-10 20:27:36.989848,
2874,Pro,2026-03-16 20:27:36.989848,
2875,Pro,2026-03-07 20:27:36.989848,
2876,Free,2026-03-23 20:27:36.989848,
2877,Free,2026-03-16 20:27:36.989848,
2878,Free,2026-03-27 20:27:36.989848,2026-05-05 20:27:36.989848
2879,Free,2026-03-02 20:27:36.989848,
2880,Pro,2026-04-16 20:27:36.989848,
2881,Free,2026-03-09 20:27:36.989848,
2882,Free,2026-03-23 20:27:36.989848,
2883,Free,2026-02-22 20:27:36.989848,
2884,Pro,2026-03-06 20:27:36.989848,
2885,Pro,2026-03-09 20:27:36.989848,
2886,Free,2026-02-27 20:27:36.989848,
2887,Free,2026-04-04 20:27:36.989848,
2888,Pro,2026-04-18 20:27:36.989848,
2889,Free,2026-03-31 20:27:36.989848,
2890,Pro,2026-03-08 20:27:36.989848,
2891,Pro,2026-04-13 20:27:36.989848,
2892,Free,2026-03-15 20:27:36.989848,
2893,Free,2026-03-09 20:27:36.989848,
2894,Free,2026-03-23 20:27:36.989848,
2895,Pro,2026-03-29 20:27:36.989848,
2896,Free,2026-03-28 20:27:36.989848,
2897,Free,2026-04-12 20:27:36.989848,
2898,Pro,2026-03-28 20:27:36.989848,
2899,Free,2026-03-19 20:27:36.989848,
2900,Pro,2026-03-17 20:27:36.989848,
2901,Pro,2026-02-23 20:27:36.989848,2026-03-04 20:27:36.989848
2902,Free,2026-04-16 20:27:36.989848,
2903,Free,2026-02-27 20:27:36.989848,
2904,Pro,2026-03-29 20:27:36.989848,
2905,Free,2026-04-15 20:27:36.989848,
2906,Enterprise,2026-03-04 20:27:36.989848,
2907,Pro,2026-04-09 20:27:36.989848,
2908,Free,2026-04-13 20:27:36.989848,
2909,Enterprise,2026-03-31 20:27:36.989848,
2910,Free,2026-03-12 20:27:36.989848,
2911,Free,2026-03-26 20:27:36.989848,
2912,Free,2026-03-22 20:27:36.989848,2026-05-20 20:27:36.989848
2913,Pro,2026-04-02 20:27:36.989848,
2914,Pro,2026-03-07 20:27:36.989848,
2915,Free,2026-03-21 20:27:36.989848,
2916,Free,2026-02-25 20:27:36.989848,
2917,Pro,2026-02-23 20:27:36.989848,
2918,Free,2026-03-15 20:27:36.989848,2026-04-11 20:27:36.989848
2919,Free,2026-03-06 20:27:36.989848,
2920,Pro,2026-03-22 20:27:36.989848,
2921,Pro,2026-04-02 20:27:36.989848,
2922,Free,2026-02-28 20:27:36.989848,
2923,Enterprise,2026-03-03 20:27:36.989848,
2924,Pro,2026-02-21 20:27:36.989848,
2925,Free,2026-03-30 20:27:36.989848,
2926,Free,2026-03-08 20:27:36.989848,
2927,Free,2026-03-28 20:27:36.989848,
2928,Free,2026-03-18 20:27:36.989848,
2929,Free,2026-03-26 20:27:36.989848,
2930,Free,2026-04-02 20:27:36.989848,
2931,Free,2026-03-26 20:27:36.989848,
2932,Pro,2026-02-23 20:27:36.989848,
2933,Free,2026-03-04 20:27:36.989848,
2934,Pro,2026-03-09 20:27:36.989848,
2935,Pro,2026-03-09 20:27:36.989848,2026-03-24 20:27:36.989848
2936,Free,2026-03-04 20:27:36.989848,
2937,Free,2026-02-28 20:27:36.989848,2026-04-12 20:27:36.989848
2938,Free,2026-02-24 20:27:36.989848,
2939,Free,2026-03-03 20:27:36.989848,2026-03-28 20:27:36.989848
2940,Free,2026-03-22 20:27:36.989848,
2941,Pro,2026-03-30 20:27:36.989848,2026-04-16 20:27:36.989848
2942,Pro,2026-04-10 20:27:36.989848,
2943,Free,2026-02-22 20:27:36.989848,
2944,Free,2026-02-20 20:27:36.989848,2026-03-04 20:27:36.989848
2945,Free,2026-03-16 20:27:36.989848,
2946,Free,2026-03-04 20:27:36.989848,
2947,Free,2026-04-15 20:27:36.989848,
2948,Free,2026-03-22 20:27:36.989848,
2949,Free,2026-04-11 20:27:36.989848,
2950,Free,2026-02-19 20:27:36.989848,2026-03-09 20:27:36.989848
2951,Free,2026-03-31 20:27:36.989848,
2952,Free,2026-04-01 20:27:36.989848,
2953,Free,2026-03-08 20:27:36.989848,
2954,Free,2026-03-05 20:27:36.989848,2026-03-24 20:27:36.989848
2955,Free,2026-04-19 20:27:36.989848,
2956,Enterprise,2026-04-09 20:27:36.989848,
2957,Free,2026-04-16 20:27:36.989848,
2958,Free,2026-04-13 20:27:36.989848,
2959,Free,2026-04-07 20:27:36.989848,
2960,Free,2026-02-28 20:27:36.989848,
2961,Pro,2026-03-25 20:27:36.989848,
2962,Pro,2026-02-24 20:27:36.989848,2026-03-27 20:27:36.989848
2963,Free,2026-04-06 20:27:36.989848,
2964,Free,2026-03-09 20:27:36.989848,
2965,Free,2026-03-11 20:27:36.989848,
2966,Free,2026-04-19 20:27:36.989848,
2967,Free,2026-03-17 20:27:36.989848,
2968,Free,2026-02-24 20:27:36.989848,
2969,Free,2026-03-13 20:27:36.989848,
2970,Free,2026-03-14 20:27:36.989848,
2971,Free,2026-04-06 20:27:36.989848,2026-05-19 20:27:36.989848
2972,Enterprise,2026-03-18 20:27:36.989848,
2973,Free,2026-03-25 20:27:36.989848,
2974,Free,2026-04-10 20:27:36.989848,2026-05-19 20:27:36.989848
2975,Free,2026-03-21 20:27:36.989848,
2976,Free,2026-03-23 20:27:36.989848,
2977,Free,2026-03-22 20:27:36.989848,
2978,Free,2026-02-25 20:27:36.989848,
2979,Free,2026-03-20 20:27:36.989848,
2980,Free,2026-04-03 20:27:36.989848,
2981,Free,2026-03-22 20:27:36.989848,2026-04-28 20:27:36.989848
2982,Free,2026-03-28 20:27:36.989848,
2983,Free,2026-02-21 20:27:36.989848,
2984,Free,2026-03-07 20:27:36.989848,
2985,Free,2026-03-25 20:27:36.989848,
2986,Free,2026-02-20 20:27:36.989848,
2987,Pro,2026-04-10 20:27:36.989848,
2988,Free,2026-04-04 20:27:36.989848,2026-05-10 20:27:36.989848
2989,Free,2026-02-25 20:27:36.989848,
2990,Free,2026-04-02 20:27:36.989848,2026-05-20 20:27:36.989848
2991,Free,2026-03-03 20:27:36.989848,
2992,Pro,2026-04-14 20:27:36.989848,2026-05-06 20:27:36.989848
2993,Free,2026-04-15 20:27:36.989848,
2994,Free,2026-03-22 20:27:36.989848,
2995,Free,2026-02-22 20:27:36.989848,
2996,Free,2026-02-26 20:27:36.989848,
2997,Pro,2026-03-30 20:27:36.989848,
2998,Free,2026-04-05 20:27:36.989848,2026-05-29 20:27:36.989848
2999,Free,2026-02-22 20:27:36.989848,
3000,Free,2026-03-16 20:27:36.989848,
3001,Free,2026-03-18 20:27:36.989848,
3002,Free,2026-03-25 20:27:36.989848,
3003,Free,2026-04-06 20:27:36.989848,
3004,Free,2026-04-08 20:27:36.989848,
3005,Pro,2026-04-11 20:27:36.989848,
3006,Free,2026-03-29 20:27:36.989848,
3007,Free,2026-03-05 20:27:36.989848,
3008,Free,2026-03-23 20:27:36.989848,
3009,Free,2026-03-03 20:27:36.989848,
3010,Free,2026-03-19 20:27:36.989848,2026-04-19 20:27:36.989848
3011,Pro,2026-03-18 20:27:36.989848,
3012,Pro,2026-03-28 20:27:36.989848,
3013,Free,2026-02-25 20:27:36.989848,2026-04-04 20:27:36.989848
3014,Pro,2026-03-16 20:27:36.989848,2026-05-04 20:27:36.989848
3015,Free,2026-03-28 20:27:36.989848,
3016,Pro,2026-03-22 20:27:36.989848,2026-05-18 20:27:36.989848
3017,Free,2026-02-21 20:27:36.989848,
3018,Pro,2026-04-06 20:27:36.989848,2026-05-02 20:27:36.989848
3019,Pro,2026-02-23 20:27:36.989848,
3020,Enterprise,2026-03-05 20:27:36.989848,
3021,Free,2026-03-03 20:27:36.989848,
3022,Free,2026-03-06 20:27:36.989848,2026-04-29 20:27:36.989848
3023,Free,2026-03-31 20:27:36.989848,
3024,Free,2026-04-15 20:27:36.989848,2026-05-21 20:27:36.989848
3025,Enterprise,2026-02-28 20:27:36.989848,
3026,Free,2026-03-26 20:27:36.989848,
3027,Free,2026-04-06 20:27:36.989848,2026-04-15 20:27:36.989848
3028,Pro,2026-03-06 20:27:36.989848,
3029,Pro,2026-03-20 20:27:36.989848,
3030,Pro,2026-03-26 20:27:36.989848,
3031,Free,2026-02-22 20:27:36.989848,
3032,Free,2026-04-14 20:27:36.989848,
3033,Free,2026-03-16 20:27:36.989848,
3034,Free,2026-03-20 20:27:36.989848,
3035,Free,2026-04-18 20:27:36.989848,2026-05-01 20:27:36.989848
3036,Free,2026-04-16 20:27:36.989848,
3037,Free,2026-03-03 20:27:36.989848,
3038,Free,2026-03-19 20:27:36.989848,
3039,Free,2026-03-22 20:27:36.989848,
3040,Pro,2026-03-19 20:27:36.989848,
3041,Pro,2026-03-19 20:27:36.989848,2026-04-24 20:27:36.989848
3042,Free,2026-03-02 20:27:36.989848,
3043,Free,2026-02-20 20:27:36.989848,
3044,Free,2026-02-22 20:27:36.989848,
3045,Pro,2026-03-15 20:27:36.989848,
3046,Free,2026-03-19 20:27:36.989848,
3047,Free,2026-03-13 20:27:36.989848,
3048,Pro,2026-04-04 20:27:36.989848,2026-05-11 20:27:36.989848
3049,Free,2026-04-16 20:27:36.989848,
3050,Pro,2026-03-26 20:27:36.989848,
3051,Free,2026-04-14 20:27:36.989848,
3052,Pro,2026-04-13 20:27:36.989848,
3053,Pro,2026-02-28 20:27:36.989848,
3054,Free,2026-02-28 20:27:36.989848,
3055,Free,2026-04-05 20:27:36.989848,
3056,Free,2026-02-26 20:27:36.989848,
3057,Free,2026-04-03 20:27:36.989848,
3058,Free,2026-03-19 20:27:36.989848,
3059,Pro,2026-02-21 20:27:36.989848,
3060,Pro,2026-02-28 20:27:36.989848,
3061,Free,2026-02-19 20:27:36.989848,
3062,Free,2026-03-05 20:27:36.989848,2026-04-13 20:27:36.989848
3063,Free,2026-04-06 20:27:36.989848,
3064,Free,2026-03-02 20:27:36.989848,2026-03-27 20:27:36.989848
3065,Free,2026-03-22 20:27:36.989848,
3066,Free,2026-03-18 20:27:36.989848,
3067,Free,2026-02-22 20:27:36.989848,
3068,Free,2026-03-29 20:27:36.989848,
3069,Free,2026-04-06 20:27:36.989848,
3070,Enterprise,2026-03-31 20:27:36.989848,2026-04-13 20:27:36.989848
3071,Free,2026-03-07 20:27:36.989848,
3072,Free,2026-03-01 20:27:36.989848,
3073,Pro,2026-03-13 20:27:36.989848,
3074,Free,2026-04-19 20:27:36.989848,
3075,Free,2026-03-19 20:27:36.989848,
3076,Free,2026-04-19 20:27:36.989848,
3077,Free,2026-03-06 20:27:36.989848,
3078,Free,2026-04-14 20:27:36.989848,
3079,Free,2026-02-22 20:27:36.989848,
3080,Free,2026-04-11 20:27:36.989848,
3081,Enterprise,2026-03-01 20:27:36.989848,
3082,Pro,2026-02-28 20:27:36.989848,
3083,Free,2026-02-19 20:27:36.989848,
3084,Pro,2026-03-02 20:27:36.989848,
3085,Free,2026-02-22 20:27:36.989848,
3086,Enterprise,2026-04-16 20:27:36.989848,
3087,Pro,2026-04-12 20:27:36.989848,
3088,Free,2026-04-13 20:27:36.989848,
3089,Free,2026-03-12 20:27:36.989848,
3090,Pro,2026-02-27 20:27:36.989848,
3091,Free,2026-03-15 20:27:36.989848,
3092,Enterprise,2026-03-11 20:27:36.989848,2026-04-27 20:27:36.989848
3093,Free,2026-03-22 20:27:36.989848,2026-04-23 20:27:36.989848
3094,Pro,2026-03-26 20:27:36.989848,
3095,Pro,2026-02-20 20:27:36.989848,
3096,Free,2026-04-11 20:27:36.989848,
3097,Free,2026-02-22 20:27:36.989848,
3098,Free,2026-03-17 20:27:36.989848,
3099,Free,2026-04-01 20:27:36.989848,
3100,Free,2026-04-08 20:27:36.989848,
3101,Free,2026-04-18 20:27:36.989848,
3102,Free,2026-03-15 20:27:36.989848,
3103,Free,2026-02-22 20:27:36.989848,2026-04-17 20:27:36.989848
3104,Free,2026-04-10 20:27:36.989848,
3105,Pro,2026-03-26 20:27:36.989848,2026-05-17 20:27:36.989848
3106,Pro,2026-04-12 20:27:36.989848,
3107,Free,2026-04-08 20:27:36.989848,
3108,Free,2026-03-29 20:27:36.989848,2026-05-05 20:27:36.989848
3109,Free,2026-03-25 20:27:36.989848,
3110,Free,2026-03-18 20:27:36.989848,
3111,Free,2026-04-14 20:27:36.989848,
3112,Pro,2026-02-19 20:27:36.989848,
3113,Pro,2026-03-11 20:27:36.989848,2026-05-03 20:27:36.989848
3114,Free,2026-04-16 20:27:36.989848,2026-05-21 20:27:36.989848
3115,Enterprise,2026-04-15 20:27:36.989848,
3116,Free,2026-03-07 20:27:36.989848,
3117,Free,2026-02-28 20:27:36.989848,2026-03-12 20:27:36.989848
3118,Free,2026-03-27 20:27:36.989848,2026-04-28 20:27:36.989848
3119,Free,2026-03-06 20:27:36.989848,
3120,Free,2026-03-22 20:27:36.989848,
3121,Free,2026-02-24 20:27:36.989848,2026-04-04 20:27:36.989848
3122,Pro,2026-03-03 20:27:36.989848,
3123,Pro,2026-03-07 20:27:36.989848,2026-04-07 20:27:36.989848
3124,Free,2026-02-28 20:27:36.989848,
3125,Enterprise,2026-03-06 20:27:36.989848,2026-03-24 20:27:36.989848
3126,Free,2026-03-10 20:27:36.989848,2026-04-04 20:27:36.989848
3127,Free,2026-03-02 20:27:36.989848,
3128,Pro,2026-04-13 20:27:36.989848,
3129,Free,2026-03-05 20:27:36.989848,
3130,Free,2026-04-01 20:27:36.989848,
3131,Pro,2026-04-18 20:27:36.989848,
3132,Free,2026-03-11 20:27:36.989848,
3133,Free,2026-03-22 20:27:36.989848,
3134,Pro,2026-02-23 20:27:36.989848,2026-03-23 20:27:36.989848
3135,Free,2026-03-07 20:27:36.989848,
3136,Free,2026-02-20 20:27:36.989848,
3137,Free,2026-02-23 20:27:36.989848,
3138,Free,2026-02-21 20:27:36.989848,
3139,Pro,2026-04-19 20:27:36.989848,
3140,Pro,2026-04-17 20:27:36.989848,
3141,Free,2026-03-16 20:27:36.989848,2026-04-08 20:27:36.989848
3142,Enterprise,2026-04-16 20:27:36.989848,
3143,Free,2026-03-21 20:27:36.989848,
3144,Pro,2026-03-21 20:27:36.989848,
3145,Free,2026-03-29 20:27:36.989848,
3146,Free,2026-03-31 20:27:36.989848,
3147,Free,2026-03-04 20:27:36.989848,
3148,Free,2026-03-19 20:27:36.989848,
3149,Pro,2026-03-09 20:27:36.989848,2026-04-01 20:27:36.989848
3150,Free,2026-03-23 20:27:36.989848,
3151,Free,2026-02-25 20:27:36.989848,
3152,Free,2026-04-09 20:27:36.989848,
3153,Free,2026-04-17 20:27:36.989848,
3154,Pro,2026-03-11 20:27:36.989848,
3155,Free,2026-03-18 20:27:36.989848,2026-04-30 20:27:36.989848
3156,Pro,2026-03-02 20:27:36.989848,
3157,Enterprise,2026-04-13 20:27:36.989848,2026-05-30 20:27:36.989848
3158,Free,2026-04-01 20:27:36.989848,
3159,Pro,2026-04-06 20:27:36.989848,2026-04-13 20:27:36.989848
3160,Free,2026-03-28 20:27:36.989848,
3161,Pro,2026-04-10 20:27:36.989848,
3162,Free,2026-03-08 20:27:36.989848,
3163,Pro,2026-02-21 20:27:36.989848,
3164,Free,2026-04-14 20:27:36.989848,2026-06-03 20:27:36.989848
3165,Free,2026-04-11 20:27:36.989848,2026-05-11 20:27:36.989848
3166,Free,2026-04-05 20:27:36.989848,
3167,Free,2026-04-12 20:27:36.989848,2026-06-01 20:27:36.989848
3168,Free,2026-03-30 20:27:36.989848,
3169,Pro,2026-02-24 20:27:36.989848,
3170,Free,2026-04-01 20:27:36.989848,
3171,Free,2026-02-26 20:27:36.989848,
3172,Free,2026-03-11 20:27:36.989848,
3173,Pro,2026-04-03 20:27:36.989848,2026-04-25 20:27:36.989848
3174,Free,2026-04-12 20:27:36.989848,
3175,Free,2026-02-24 20:27:36.989848,2026-03-09 20:27:36.989848
3176,Free,2026-04-12 20:27:36.989848,
3177,Free,2026-02-27 20:27:36.989848,
3178,Pro,2026-02-24 20:27:36.989848,
3179,Pro,2026-03-19 20:27:36.989848,2026-04-19 20:27:36.989848
3180,Enterprise,2026-03-14 20:27:36.989848,2026-05-11 20:27:36.989848
3181,Free,2026-03-27 20:27:36.989848,
3182,Pro,2026-03-28 20:27:36.989848,
3183,Pro,2026-02-25 20:27:36.989848,2026-03-04 20:27:36.989848
3184,Free,2026-03-21 20:27:36.989848,
3185,Pro,2026-03-25 20:27:36.989848,
3186,Free,2026-03-01 20:27:36.989848,
3187,Free,2026-02-26 20:27:36.989848,
3188,Free,2026-03-14 20:27:36.989848,
3189,Pro,2026-03-20 20:27:36.989848,
3190,Free,2026-03-18 20:27:36.989848,
3191,Free,2026-04-10 20:27:36.989848,
3192,Pro,2026-03-14 20:27:36.989848,
3193,Pro,2026-02-27 20:27:36.989848,2026-04-10 20:27:36.989848
3194,Free,2026-04-18 20:27:36.989848,
3195,Pro,2026-02-23 20:27:36.989848,
3196,Pro,2026-04-04 20:27:36.989848,
3197,Free,2026-03-19 20:27:36.989848,
3198,Free,2026-04-12 20:27:36.989848,2026-06-01 20:27:36.989848
3199,Free,2026-02-19 20:27:36.989848,
3200,Enterprise,2026-03-25 20:27:36.989848,
3201,Free,2026-04-11 20:27:36.989848,
3202,Free,2026-04-02 20:27:36.989848,
3203,Free,2026-02-23 20:27:36.989848,
3204,Free,2026-03-16 20:27:36.989848,2026-04-27 20:27:36.989848
3205,Free,2026-04-18 20:27:36.989848,
3206,Free,2026-02-19 20:27:36.989848,2026-03-08 20:27:36.989848
3207,Free,2026-03-15 20:27:36.989848,
3208,Enterprise,2026-03-04 20:27:36.989848,
3209,Free,2026-03-17 20:27:36.989848,
3210,Free,2026-03-17 20:27:36.989848,
3211,Free,2026-03-15 20:27:36.989848,
3212,Free,2026-03-23 20:27:36.989848,
3213,Pro,2026-03-04 20:27:36.989848,
3214,Free,2026-03-05 20:27:36.989848,2026-05-01 20:27:36.989848
3215,Free,2026-02-27 20:27:36.989848,
3216,Pro,2026-04-17 20:27:36.989848,
3217,Enterprise,2026-02-26 20:27:36.989848,
3218,Free,2026-03-30 20:27:36.989848,
3219,Pro,2026-04-18 20:27:36.989848,
3220,Free,2026-03-17 20:27:36.989848,
3221,Enterprise,2026-04-14 20:27:36.989848,
3222,Free,2026-03-02 20:27:36.989848,2026-04-17 20:27:36.989848
3223,Pro,2026-03-20 20:27:36.989848,2026-04-28 20:27:36.989848
3224,Pro,2026-03-29 20:27:36.989848,
3225,Free,2026-03-03 20:27:36.989848,2026-04-02 20:27:36.989848
3226,Pro,2026-03-03 20:27:36.989848,2026-04-15 20:27:36.989848
3227,Free,2026-03-27 20:27:36.989848,2026-04-14 20:27:36.989848
3228,Free,2026-03-30 20:27:36.989848,
3229,Pro,2026-03-17 20:27:36.989848,
3230,Free,2026-03-14 20:27:36.989848,
3231,Free,2026-03-31 20:27:36.989848,
3232,Free,2026-03-21 20:27:36.989848,
3233,Enterprise,2026-03-19 20:27:36.989848,
3234,Pro,2026-03-07 20:27:36.989848,
3235,Pro,2026-03-07 20:27:36.989848,
3236,Free,2026-04-15 20:27:36.989848,
3237,Free,2026-04-03 20:27:36.989848,
3238,Enterprise,2026-03-08 20:27:36.989848,
3239,Free,2026-03-03 20:27:36.989848,
3240,Free,2026-03-11 20:27:36.989848,
3241,Free,2026-04-01 20:27:36.989848,2026-04-16 20:27:36.989848
3242,Free,2026-03-11 20:27:36.989848,
3243,Free,2026-03-29 20:27:36.989848,2026-05-09 20:27:36.989848
3244,Free,2026-03-31 20:27:36.989848,
3245,Free,2026-03-18 20:27:36.989848,2026-03-28 20:27:36.989848
3246,Enterprise,2026-03-24 20:27:36.989848,
3247,Free,2026-02-23 20:27:36.989848,2026-03-25 20:27:36.989848
3248,Free,2026-02-25 20:27:36.989848,
3249,Pro,2026-03-05 20:27:36.989848,
3250,Free,2026-04-03 20:27:36.989848,
3251,Enterprise,2026-04-02 20:27:36.989848,
3252,Free,2026-03-04 20:27:36.989848,
3253,Free,2026-04-01 20:27:36.989848,
3254,Pro,2026-03-19 20:27:36.989848,
3255,Free,2026-02-27 20:27:36.989848,
3256,Pro,2026-04-02 20:27:36.989848,
3257,Free,2026-02-22 20:27:36.989848,
3258,Free,2026-03-31 20:27:36.989848,
3259,Free,2026-03-20 20:27:36.989848,
3260,Free,2026-02-21 20:27:36.989848,
3261,Free,2026-04-12 20:27:36.989848,
3262,Free,2026-03-10 20:27:36.989848,
3263,Free,2026-02-21 20:27:36.989848,
3264,Free,2026-04-08 20:27:36.989848,
3265,Free,2026-03-24 20:27:36.989848,
3266,Free,2026-04-06 20:27:36.989848,
3267,Free,2026-03-28 20:27:36.989848,
3268,Pro,2026-04-18 20:27:36.989848,2026-05-05 20:27:36.989848
3269,Free,2026-02-27 20:27:36.989848,
3270,Free,2026-04-06 20:27:36.989848,
3271,Pro,2026-03-13 20:27:36.989848,
3272,Pro,2026-03-15 20:27:36.989848,
3273,Free,2026-03-31 20:27:36.989848,
3274,Free,2026-03-31 20:27:36.989848,
3275,Pro,2026-02-19 20:27:36.989848,
3276,Pro,2026-03-04 20:27:36.989848,
3277,Enterprise,2026-03-17 20:27:36.989848,
3278,Free,2026-02-19 20:27:36.989848,
3279,Free,2026-02-21 20:27:36.989848,
3280,Free,2026-03-24 20:27:36.989848,
3281,Free,2026-03-16 20:27:36.989848,
3282,Free,2026-04-06 20:27:36.989848,
3283,Pro,2026-03-28 20:27:36.989848,
3284,Free,2026-04-02 20:27:36.989848,
3285,Pro,2026-03-17 20:27:36.989848,
3286,Free,2026-04-18 20:27:36.989848,
3287,Free,2026-02-22 20:27:36.989848,
3288,Free,2026-03-24 20:27:36.989848,
3289,Pro,2026-02-19 20:27:36.989848,
3290,Free,2026-03-01 20:27:36.989848,
3291,Enterprise,2026-04-03 20:27:36.989848,
3292,Free,2026-02-22 20:27:36.989848,
3293,Free,2026-03-06 20:27:36.989848,
3294,Free,2026-03-09 20:27:36.989848,
3295,Free,2026-04-11 20:27:36.989848,
3296,Enterprise,2026-02-21 20:27:36.989848,
3297,Free,2026-03-13 20:27:36.989848,2026-04-07 20:27:36.989848
3298,Pro,2026-02-28 20:27:36.989848,
3299,Free,2026-02-21 20:27:36.989848,2026-03-15 20:27:36.989848
3300,Free,2026-03-09 20:27:36.989848,
3301,Free,2026-03-27 20:27:36.989848,
3302,Enterprise,2026-04-02 20:27:36.989848,
3303,Free,2026-04-13 20:27:36.989848,
3304,Free,2026-03-12 20:27:36.989848,2026-04-24 20:27:36.989848
3305,Free,2026-03-23 20:27:36.989848,
3306,Free,2026-03-02 20:27:36.989848,2026-04-05 20:27:36.989848
3307,Free,2026-03-07 20:27:36.989848,
3308,Free,2026-02-26 20:27:36.989848,
3309,Free,2026-03-18 20:27:36.989848,
3310,Free,2026-03-28 20:27:36.989848,
3311,Free,2026-03-27 20:27:36.989848,
3312,Pro,2026-03-12 20:27:36.989848,2026-04-27 20:27:36.989848
3313,Free,2026-04-03 20:27:36.989848,
3314,Free,2026-04-12 20:27:36.989848,
3315,Pro,2026-03-29 20:27:36.989848,
3316,Free,2026-03-27 20:27:36.989848,
3317,Pro,2026-03-14 20:27:36.989848,
3318,Free,2026-03-23 20:27:36.989848,
3319,Pro,2026-04-10 20:27:36.989848,
3320,Free,2026-03-14 20:27:36.989848,
3321,Free,2026-03-17 20:27:36.989848,
3322,Free,2026-03-10 20:27:36.989848,
3323,Enterprise,2026-03-18 20:27:36.989848,
3324,Free,2026-03-03 20:27:36.989848,
3325,Free,2026-03-13 20:27:36.989848,
3326,Free,2026-04-10 20:27:36.989848,2026-06-07 20:27:36.989848
3327,Pro,2026-02-23 20:27:36.989848,2026-04-17 20:27:36.989848
3328,Pro,2026-04-03 20:27:36.989848,
3329,Free,2026-03-04 20:27:36.989848,
3330,Free,2026-02-21 20:27:36.989848,
3331,Free,2026-03-15 20:27:36.989848,
3332,Pro,2026-03-20 20:27:36.989848,
3333,Free,2026-04-16 20:27:36.989848,
3334,Free,2026-03-11 20:27:36.989848,
3335,Free,2026-04-05 20:27:36.989848,
3336,Pro,2026-03-21 20:27:36.989848,
3337,Free,2026-03-02 20:27:36.989848,
3338,Pro,2026-03-06 20:27:36.989848,
3339,Free,2026-03-30 20:27:36.989848,
3340,Free,2026-03-20 20:27:36.989848,
3341,Free,2026-04-04 20:27:36.989848,
3342,Free,2026-03-13 20:27:36.989848,
3343,Pro,2026-04-12 20:27:36.989848,2026-04-23 20:27:36.989848
3344,Enterprise,2026-03-22 20:27:36.989848,2026-04-29 20:27:36.989848
3345,Free,2026-03-10 20:27:36.989848,
3346,Free,2026-04-06 20:27:36.989848,
3347,Free,2026-03-19 20:27:36.989848,
3348,Free,2026-04-03 20:27:36.989848,2026-05-25 20:27:36.989848
3349,Pro,2026-03-10 20:27:36.989848,
3350,Pro,2026-03-30 20:27:36.989848,
3351,Free,2026-02-25 20:27:36.989848,
3352,Pro,2026-03-04 20:27:36.989848,
3353,Free,2026-03-10 20:27:36.989848,
3354,Free,2026-03-22 20:27:36.989848,
3355,Free,2026-03-14 20:27:36.989848,
3356,Free,2026-03-30 20:27:36.989848,
3357,Free,2026-03-06 20:27:36.989848,
3358,Free,2026-02-24 20:27:36.989848,
3359,Free,2026-04-10 20:27:36.989848,
3360,Pro,2026-03-08 20:27:36.989848,
3361,Free,2026-04-14 20:27:36.989848,
3362,Pro,2026-04-12 20:27:36.989848,2026-06-09 20:27:36.989848
3363,Free,2026-03-26 20:27:36.989848,
3364,Pro,2026-03-26 20:27:36.989848,
3365,Pro,2026-03-08 20:27:36.989848,
3366,Free,2026-02-28 20:27:36.989848,
3367,Free,2026-04-14 20:27:36.989848,2026-05-14 20:27:36.989848
3368,Free,2026-04-05 20:27:36.989848,
3369,Free,2026-03-18 20:27:36.989848,2026-04-23 20:27:36.989848
3370,Free,2026-04-17 20:27:36.989848,
3371,Pro,2026-04-19 20:27:36.989848,2026-05-09 20:27:36.989848
3372,Pro,2026-02-26 20:27:36.989848,
3373,Free,2026-03-13 20:27:36.989848,
3374,Pro,2026-03-02 20:27:36.989848,
3375,Free,2026-03-01 20:27:36.989848,
3376,Free,2026-04-06 20:27:36.989848,
3377,Free,2026-03-03 20:27:36.989848,
3378,Pro,2026-03-15 20:27:36.989848,2026-04-05 20:27:36.989848
3379,Pro,2026-04-17 20:27:36.989848,2026-04-29 20:27:36.989848
3380,Free,2026-03-05 20:27:36.989848,
3381,Free,2026-03-20 20:27:36.989848,
3382,Enterprise,2026-03-22 20:27:36.989848,
3383,Free,2026-03-31 20:27:36.989848,2026-05-09 20:27:36.989848
3384,Free,2026-04-14 20:27:36.989848,
3385,Free,2026-04-18 20:27:36.989848,2026-06-13 20:27:36.989848
3386,Free,2026-04-18 20:27:36.989848,
3387,Free,2026-03-02 20:27:36.989848,
3388,Enterprise,2026-02-20 20:27:36.989848,
3389,Free,2026-02-24 20:27:36.989848,
3390,Free,2026-03-21 20:27:36.989848,2026-04-28 20:27:36.989848
3391,Free,2026-03-03 20:27:36.989848,
3392,Free,2026-03-21 20:27:36.989848,
3393,Free,2026-04-16 20:27:36.989848,
3394,Free,2026-03-13 20:27:36.989848,
3395,Pro,2026-04-19 20:27:36.989848,2026-05-08 20:27:36.989848
3396,Free,2026-03-24 20:27:36.989848,2026-05-07 20:27:36.989848
3397,Free,2026-04-11 20:27:36.989848,2026-04-25 20:27:36.989848
3398,Free,2026-03-24 20:27:36.989848,
3399,Enterprise,2026-04-16 20:27:36.989848,
3400,Pro,2026-03-30 20:27:36.989848,
3401,Free,2026-02-23 20:27:36.989848,
3402,Free,2026-03-10 20:27:36.989848,
3403,Free,2026-03-13 20:27:36.989848,2026-03-26 20:27:36.989848
3404,Pro,2026-02-22 20:27:36.989848,2026-03-22 20:27:36.989848
3405,Pro,2026-04-09 20:27:36.989848,
3406,Pro,2026-03-05 20:27:36.989848,
3407,Free,2026-04-17 20:27:36.989848,
3408,Pro,2026-04-08 20:27:36.989848,
3409,Pro,2026-03-28 20:27:36.989848,
3410,Free,2026-02-22 20:27:36.989848,
3411,Free,2026-03-20 20:27:36.989848,
3412,Free,2026-04-03 20:27:36.989848,
3413,Pro,2026-02-25 20:27:36.989848,
3414,Free,2026-02-27 20:27:36.989848,
3415,Free,2026-03-01 20:27:36.989848,
3416,Free,2026-03-21 20:27:36.989848,
3417,Pro,2026-04-09 20:27:36.989848,
3418,Free,2026-03-19 20:27:36.989848,
3419,Free,2026-03-13 20:27:36.989848,
3420,Free,2026-04-12 20:27:36.989848,
3421,Enterprise,2026-03-03 20:27:36.989848,
3422,Free,2026-04-09 20:27:36.989848,
3423,Pro,2026-04-16 20:27:36.989848,
3424,Free,2026-04-07 20:27:36.989848,
3425,Free,2026-04-18 20:27:36.989848,2026-05-27 20:27:36.989848
3426,Free,2026-03-04 20:27:36.989848,
3427,Free,2026-02-19 20:27:36.989848,
3428,Free,2026-04-18 20:27:36.989848,
3429,Free,2026-03-25 20:27:36.989848,
3430,Free,2026-04-10 20:27:36.989848,2026-04-20 20:27:36.989848
3431,Free,2026-04-01 20:27:36.989848,
3432,Free,2026-04-15 20:27:36.989848,2026-04-28 20:27:36.989848
3433,Free,2026-02-25 20:27:36.989848,
3434,Pro,2026-04-13 20:27:36.989848,
3435,Free,2026-04-01 20:27:36.989848,
3436,Free,2026-03-07 20:27:36.989848,
3437,Free,2026-02-19 20:27:36.989848,2026-03-05 20:27:36.989848
3438,Free,2026-03-08 20:27:36.989848,
3439,Free,2026-02-21 20:27:36.989848,
3440,Free,2026-03-18 20:27:36.989848,
3441,Free,2026-02-28 20:27:36.989848,
3442,Free,2026-04-13 20:27:36.989848,
3443,Free,2026-03-07 20:27:36.989848,
3444,Pro,2026-03-13 20:27:36.989848,
3445,Free,2026-03-29 20:27:36.989848,
3446,Pro,2026-03-18 20:27:36.989848,
3447,Free,2026-02-24 20:27:36.989848,
3448,Free,2026-04-06 20:27:36.989848,
3449,Pro,2026-03-07 20:27:36.989848,
3450,Free,2026-03-12 20:27:36.989848,
3451,Pro,2026-03-24 20:27:36.989848,
3452,Pro,2026-03-23 20:27:36.989848,
3453,Free,2026-03-22 20:27:36.989848,
3454,Pro,2026-04-06 20:27:36.989848,
3455,Free,2026-03-03 20:27:36.989848,
3456,Pro,2026-04-10 20:27:36.989848,
3457,Free,2026-03-08 20:27:36.989848,2026-03-24 20:27:36.989848
3458,Pro,2026-04-06 20:27:36.989848,2026-06-03 20:27:36.989848
3459,Free,2026-04-18 20:27:36.989848,
3460,Free,2026-03-24 20:27:36.989848,
3461,Pro,2026-03-25 20:27:36.989848,2026-04-23 20:27:36.989848
3462,Free,2026-02-20 20:27:36.989848,
3463,Pro,2026-02-24 20:27:36.989848,
3464,Pro,2026-04-14 20:27:36.989848,
3465,Pro,2026-04-06 20:27:36.989848,
3466,Free,2026-04-07 20:27:36.989848,
3467,Free,2026-04-18 20:27:36.989848,
3468,Pro,2026-02-20 20:27:36.989848,
3469,Free,2026-03-29 20:27:36.989848,
3470,Free,2026-03-03 20:27:36.989848,
3471,Free,2026-03-16 20:27:36.989848,
3472,Enterprise,2026-03-07 20:27:36.989848,
3473,Free,2026-04-05 20:27:36.989848,
3474,Pro,2026-03-23 20:27:36.989848,
3475,Free,2026-04-07 20:27:36.989848,
3476,Free,2026-04-19 20:27:36.989848,
3477,Free,2026-02-28 20:27:36.989848,
3478,Pro,2026-02-21 20:27:36.989848,
3479,Free,2026-03-27 20:27:36.989848,
3480,Free,2026-04-08 20:27:36.989848,
3481,Free,2026-03-10 20:27:36.989848,
3482,Free,2026-03-01 20:27:36.989848,
3483,Free,2026-03-15 20:27:36.989848,
3484,Free,2026-02-27 20:27:36.989848,2026-03-19 20:27:36.989848
3485,Pro,2026-03-30 20:27:36.989848,
3486,Free,2026-04-01 20:27:36.989848,
3487,Free,2026-02-19 20:27:36.989848,2026-04-02 20:27:36.989848
3488,Free,2026-02-23 20:27:36.989848,2026-04-13 20:27:36.989848
3489,Free,2026-03-10 20:27:36.989848,
3490,Free,2026-04-10 20:27:36.989848,
3491,Free,2026-02-21 20:27:36.989848,
3492,Free,2026-04-13 20:27:36.989848,
3493,Free,2026-02-27 20:27:36.989848,
3494,Pro,2026-02-23 20:27:36.989848,
3495,Enterprise,2026-04-06 20:27:36.989848,
3496,Free,2026-02-28 20:27:36.989848,
3497,Pro,2026-03-17 20:27:36.989848,
3498,Free,2026-04-07 20:27:36.989848,
3499,Free,2026-03-21 20:27:36.989848,
3500,Free,2026-04-15 20:27:36.989848,
3501,Pro,2026-04-12 20:27:36.989848,
3502,Pro,2026-03-12 20:27:36.989848,
3503,Free,2026-02-23 20:27:36.989848,
3504,Pro,2026-03-25 20:27:36.989848,
3505,Free,2026-03-28 20:27:36.989848,
3506,Pro,2026-03-30 20:27:36.989848,
3507,Free,2026-04-01 20:27:36.989848,
3508,Free,2026-04-15 20:27:36.989848,
3509,Free,2026-04-02 20:27:36.989848,
3510,Pro,2026-03-02 20:27:36.989848,
3511,Free,2026-02-21 20:27:36.989848,2026-03-27 20:27:36.989848
3512,Free,2026-02-21 20:27:36.989848,
3513,Free,2026-02-24 20:27:36.989848,
3514,Free,2026-03-17 20:27:36.989848,
3515,Free,2026-03-03 20:27:36.989848,
3516,Free,2026-03-18 20:27:36.989848,
3517,Pro,2026-04-19 20:27:36.989848,
3518,Free,2026-03-04 20:27:36.989848,
3519,Free,2026-04-19 20:27:36.989848,
3520,Pro,2026-03-19 20:27:36.989848,
3521,Free,2026-03-10 20:27:36.989848,
3522,Enterprise,2026-03-30 20:27:36.989848,2026-04-28 20:27:36.989848
3523,Pro,2026-04-18 20:27:36.989848,
3524,Free,2026-03-06 20:27:36.989848,
3525,Pro,2026-04-07 20:27:36.989848,
3526,Free,2026-03-04 20:27:36.989848,
3527,Free,2026-02-25 20:27:36.989848,
3528,Free,2026-03-27 20:27:36.989848,
3529,Enterprise,2026-04-07 20:27:36.989848,
3530,Free,2026-02-24 20:27:36.989848,
3531,Free,2026-03-27 20:27:36.989848,
3532,Free,2026-02-28 20:27:36.989848,
3533,Free,2026-02-22 20:27:36.989848,
3534,Free,2026-03-26 20:27:36.989848,
3535,Enterprise,2026-03-08 20:27:36.989848,
3536,Free,2026-04-13 20:27:36.989848,
3537,Pro,2026-03-28 20:27:36.989848,
3538,Free,2026-03-23 20:27:36.989848,
3539,Free,2026-03-17 20:27:36.989848,
3540,Free,2026-03-22 20:27:36.989848,
3541,Free,2026-03-12 20:27:36.989848,
3542,Free,2026-03-27 20:27:36.989848,
3543,Pro,2026-03-15 20:27:36.989848,
3544,Free,2026-04-02 20:27:36.989848,
3545,Free,2026-04-18 20:27:36.989848,
3546,Free,2026-03-17 20:27:36.989848,
3547,Free,2026-03-08 20:27:36.989848,
3548,Free,2026-03-06 20:27:36.989848,
3549,Free,2026-03-04 20:27:36.989848,
3550,Free,2026-04-06 20:27:36.989848,
3551,Free,2026-03-19 20:27:36.989848,2026-05-01 20:27:36.989848
3552,Free,2026-03-22 20:27:36.989848,
3553,Free,2026-02-24 20:27:36.989848,
3554,Free,2026-03-19 20:27:36.989848,
3555,Free,2026-02-21 20:27:36.989848,2026-04-11 20:27:36.989848
3556,Free,2026-03-22 20:27:36.989848,
3557,Free,2026-03-06 20:27:36.989848,
3558,Free,2026-03-30 20:27:36.989848,
3559,Free,2026-03-18 20:27:36.989848,
3560,Free,2026-04-18 20:27:36.989848,
3561,Pro,2026-04-08 20:27:36.989848,
3562,Free,2026-03-15 20:27:36.989848,
3563,Free,2026-04-19 20:27:36.989848,2026-06-14 20:27:36.989848
3564,Free,2026-03-04 20:27:36.989848,
3565,Free,2026-03-18 20:27:36.989848,
3566,Free,2026-04-06 20:27:36.989848,2026-04-24 20:27:36.989848
3567,Free,2026-03-16 20:27:36.989848,
3568,Free,2026-03-17 20:27:36.989848,
3569,Free,2026-04-08 20:27:36.989848,
3570,Enterprise,2026-03-29 20:27:36.989848,
3571,Free,2026-04-11 20:27:36.989848,
3572,Pro,2026-04-04 20:27:36.989848,
3573,Free,2026-04-12 20:27:36.989848,
3574,Pro,2026-04-16 20:27:36.989848,
3575,Free,2026-04-16 20:27:36.989848,
3576,Free,2026-02-22 20:27:36.989848,
3577,Free,2026-04-01 20:27:36.989848,
3578,Pro,2026-03-07 20:27:36.989848,
3579,Free,2026-03-20 20:27:36.989848,
3580,Free,2026-04-12 20:27:36.989848,
3581,Free,2026-04-13 20:27:36.989848,
3582,Pro,2026-04-01 20:27:36.989848,
3583,Pro,2026-03-03 20:27:36.989848,
3584,Free,2026-03-28 20:27:36.989848,
3585,Free,2026-04-15 20:27:36.989848,
3586,Free,2026-04-08 20:27:36.989848,
3587,Free,2026-04-19 20:27:36.989848,
3588,Pro,2026-04-17 20:27:36.989848,2026-04-28 20:27:36.989848
3589,Pro,2026-03-29 20:27:36.989848,
3590,Free,2026-04-13 20:27:36.989848,
3591,Free,2026-03-27 20:27:36.989848,
3592,Free,2026-04-13 20:27:36.989848,
3593,Free,2026-03-24 20:27:36.989848,
3594,Free,2026-03-10 20:27:36.989848,2026-04-29 20:27:36.989848
3595,Enterprise,2026-03-16 20:27:36.989848,2026-04-05 20:27:36.989848
3596,Free,2026-03-26 20:27:36.989848,
3597,Free,2026-03-06 20:27:36.989848,
3598,Pro,2026-04-19 20:27:36.989848,
3599,Pro,2026-03-17 20:27:36.989848,
3600,Free,2026-04-01 20:27:36.989848,
3601,Free,2026-02-22 20:27:36.989848,
3602,Pro,2026-02-27 20:27:36.989848,
3603,Pro,2026-02-23 20:27:36.989848,
3604,Free,2026-03-12 20:27:36.989848,
3605,Free,2026-03-23 20:27:36.989848,
3606,Pro,2026-03-06 20:27:36.989848,
3607,Free,2026-02-19 20:27:36.989848,
3608,Free,2026-04-06 20:27:36.989848,
3609,Free,2026-02-27 20:27:36.989848,
3610,Pro,2026-03-13 20:27:36.989848,2026-05-04 20:27:36.989848
3611,Free,2026-03-06 20:27:36.989848,
3612,Free,2026-03-10 20:27:36.989848,2026-03-21 20:27:36.989848
3613,Free,2026-03-18 20:27:36.989848,
3614,Free,2026-03-29 20:27:36.989848,
3615,Free,2026-04-13 20:27:36.989848,
3616,Free,2026-03-08 20:27:36.989848,
3617,Enterprise,2026-03-07 20:27:36.989848,
3618,Free,2026-02-25 20:27:36.989848,2026-03-04 20:27:36.989848
3619,Free,2026-03-27 20:27:36.989848,2026-05-15 20:27:36.989848
3620,Free,2026-03-08 20:27:36.989848,
3621,Free,2026-03-01 20:27:36.989848,
3622,Free,2026-03-24 20:27:36.989848,
3623,Free,2026-04-01 20:27:36.989848,
3624,Enterprise,2026-03-17 20:27:36.989848,
3625,Free,2026-03-03 20:27:36.989848,
3626,Free,2026-03-27 20:27:36.989848,
3627,Pro,2026-04-17 20:27:36.989848,
3628,Free,2026-03-25 20:27:36.989848,
3629,Free,2026-03-01 20:27:36.989848,
3630,Pro,2026-03-29 20:27:36.989848,2026-05-03 20:27:36.989848
3631,Free,2026-03-22 20:27:36.989848,
3632,Pro,2026-03-08 20:27:36.989848,2026-03-19 20:27:36.989848
3633,Free,2026-03-12 20:27:36.989848,
3634,Pro,2026-03-09 20:27:36.989848,2026-03-18 20:27:36.989848
3635,Free,2026-04-09 20:27:36.989848,
3636,Free,2026-03-19 20:27:36.989848,
3637,Free,2026-04-01 20:27:36.989848,
3638,Free,2026-03-05 20:27:36.989848,
3639,Free,2026-03-02 20:27:36.989848,
3640,Free,2026-04-03 20:27:36.989848,2026-05-05 20:27:36.989848
3641,Pro,2026-03-30 20:27:36.989848,
3642,Free,2026-02-19 20:27:36.989848,2026-02-27 20:27:36.989848
3643,Free,2026-04-03 20:27:36.989848,
3644,Free,2026-03-08 20:27:36.989848,
3645,Free,2026-03-25 20:27:36.989848,
3646,Free,2026-02-24 20:27:36.989848,
3647,Free,2026-03-03 20:27:36.989848,
3648,Pro,2026-03-14 20:27:36.989848,
3649,Free,2026-03-14 20:27:36.989848,
3650,Free,2026-03-30 20:27:36.989848,
3651,Pro,2026-03-28 20:27:36.989848,
3652,Free,2026-04-17 20:27:36.989848,2026-05-03 20:27:36.989848
3653,Free,2026-03-03 20:27:36.989848,
3654,Free,2026-03-14 20:27:36.989848,
3655,Free,2026-03-31 20:27:36.989848,
3656,Pro,2026-04-10 20:27:36.989848,
3657,Free,2026-02-26 20:27:36.989848,
3658,Free,2026-03-18 20:27:36.989848,
3659,Enterprise,2026-03-24 20:27:36.989848,
3660,Free,2026-03-28 20:27:36.989848,
3661,Pro,2026-04-19 20:27:36.989848,
3662,Free,2026-04-07 20:27:36.989848,
3663,Free,2026-03-22 20:27:36.989848,
3664,Free,2026-03-12 20:27:36.989848,
3665,Enterprise,2026-03-30 20:27:36.989848,
3666,Free,2026-03-05 20:27:36.989848,
3667,Pro,2026-02-28 20:27:36.989848,
3668,Pro,2026-03-03 20:27:36.989848,
3669,Pro,2026-03-25 20:27:36.989848,
3670,Free,2026-02-28 20:27:36.989848,2026-03-29 20:27:36.989848
3671,Free,2026-03-11 20:27:36.989848,
3672,Pro,2026-03-19 20:27:36.989848,
3673,Free,2026-03-13 20:27:36.989848,
3674,Enterprise,2026-04-07 20:27:36.989848,
3675,Free,2026-03-16 20:27:36.989848,
3676,Pro,2026-03-29 20:27:36.989848,
3677,Pro,2026-03-11 20:27:36.989848,
3678,Pro,2026-02-21 20:27:36.989848,2026-03-21 20:27:36.989848
3679,Free,2026-04-01 20:27:36.989848,2026-05-04 20:27:36.989848
3680,Free,2026-03-12 20:27:36.989848,
3681,Free,2026-04-04 20:27:36.989848,
3682,Free,2026-03-12 20:27:36.989848,
3683,Free,2026-04-06 20:27:36.989848,
3684,Free,2026-03-10 20:27:36.989848,
3685,Free,2026-03-07 20:27:36.989848,2026-03-27 20:27:36.989848
3686,Pro,2026-03-03 20:27:36.989848,
3687,Free,2026-03-22 20:27:36.989848,
3688,Free,2026-03-16 20:27:36.989848,
3689,Free,2026-02-21 20:27:36.989848,
3690,Pro,2026-03-11 20:27:36.989848,
3691,Pro,2026-02-22 20:27:36.989848,
3692,Free,2026-03-30 20:27:36.989848,
3693,Free,2026-04-11 20:27:36.989848,
3694,Pro,2026-03-04 20:27:36.989848,
3695,Free,2026-04-08 20:27:36.989848,
3696,Free,2026-04-05 20:27:36.989848,
3697,Pro,2026-03-28 20:27:36.989848,
3698,Free,2026-04-09 20:27:36.989848,
3699,Free,2026-03-26 20:27:36.989848,2026-04-26 20:27:36.989848
3700,Pro,2026-03-04 20:27:36.989848,2026-03-20 20:27:36.989848
3701,Pro,2026-02-23 20:27:36.989848,
3702,Free,2026-04-19 20:27:36.989848,
3703,Free,2026-02-24 20:27:36.989848,2026-04-07 20:27:36.989848
3704,Free,2026-02-21 20:27:36.989848,
3705,Free,2026-03-27 20:27:36.989848,
3706,Free,2026-03-13 20:27:36.989848,
3707,Free,2026-02-21 20:27:36.989848,
3708,Free,2026-02-22 20:27:36.989848,
3709,Free,2026-04-12 20:27:36.989848,
3710,Free,2026-04-13 20:27:36.989848,
3711,Free,2026-03-31 20:27:36.989848,
3712,Free,2026-02-22 20:27:36.989848,
3713,Pro,2026-02-21 20:27:36.989848,
3714,Free,2026-02-28 20:27:36.989848,2026-03-23 20:27:36.989848
3715,Free,2026-04-16 20:27:36.989848,
3716,Free,2026-02-27 20:27:36.989848,
3717,Pro,2026-02-20 20:27:36.989848,
3718,Pro,2026-03-22 20:27:36.989848,
3719,Enterprise,2026-03-25 20:27:36.989848,
3720,Pro,2026-03-24 20:27:36.989848,
3721,Free,2026-03-09 20:27:36.989848,
3722,Free,2026-03-04 20:27:36.989848,
3723,Free,2026-04-18 20:27:36.989848,2026-05-31 20:27:36.989848
3724,Free,2026-04-17 20:27:36.989848,
3725,Free,2026-04-09 20:27:36.989848,
3726,Free,2026-03-17 20:27:36.989848,2026-03-24 20:27:36.989848
3727,Free,2026-02-27 20:27:36.989848,
3728,Free,2026-03-22 20:27:36.989848,
3729,Free,2026-03-28 20:27:36.989848,
3730,Pro,2026-02-23 20:27:36.989848,
3731,Pro,2026-03-04 20:27:36.989848,
3732,Enterprise,2026-04-09 20:27:36.989848,
3733,Free,2026-02-28 20:27:36.989848,
3734,Free,2026-03-03 20:27:36.989848,
3735,Free,2026-03-26 20:27:36.989848,
3736,Free,2026-03-22 20:27:36.989848,
3737,Enterprise,2026-03-13 20:27:36.989848,
3738,Free,2026-03-16 20:27:36.989848,
3739,Free,2026-03-22 20:27:36.989848,
3740,Pro,2026-04-13 20:27:36.989848,
3741,Free,2026-04-11 20:27:36.989848,
3742,Free,2026-04-16 20:27:36.989848,
3743,Free,2026-04-15 20:27:36.989848,
3744,Pro,2026-02-23 20:27:36.989848,
3745,Free,2026-04-05 20:27:36.989848,
3746,Pro,2026-03-31 20:27:36.989848,
3747,Pro,2026-04-10 20:27:36.989848,
3748,Free,2026-04-01 20:27:36.989848,
3749,Free,2026-02-19 20:27:36.989848,
3750,Free,2026-04-14 20:27:36.989848,
3751,Free,2026-02-25 20:27:36.989848,
3752,Free,2026-03-02 20:27:36.989848,
3753,Pro,2026-03-28 20:27:36.989848,
3754,Free,2026-04-04 20:27:36.989848,
3755,Free,2026-04-16 20:27:36.989848,
3756,Pro,2026-04-11 20:27:36.989848,
3757,Pro,2026-03-27 20:27:36.989848,
3758,Free,2026-03-03 20:27:36.989848,
3759,Pro,2026-04-17 20:27:36.989848,
3760,Free,2026-03-22 20:27:36.989848,
3761,Free,2026-03-13 20:27:36.989848,2026-03-30 20:27:36.989848
3762,Pro,2026-02-20 20:27:36.989848,
3763,Pro,2026-03-28 20:27:36.989848,
3764,Pro,2026-03-30 20:27:36.989848,
3765,Free,2026-03-21 20:27:36.989848,
3766,Free,2026-03-13 20:27:36.989848,
3767,Free,2026-04-15 20:27:36.989848,
3768,Pro,2026-03-06 20:27:36.989848,
3769,Enterprise,2026-03-19 20:27:36.989848,
3770,Pro,2026-03-03 20:27:36.989848,
3771,Free,2026-03-04 20:27:36.989848,2026-05-02 20:27:36.989848
3772,Pro,2026-03-22 20:27:36.989848,
3773,Pro,2026-04-13 20:27:36.989848,
3774,Free,2026-03-22 20:27:36.989848,
3775,Pro,2026-03-28 20:27:36.989848,
3776,Free,2026-04-17 20:27:36.989848,
3777,Free,2026-03-07 20:27:36.989848,
3778,Pro,2026-04-07 20:27:36.989848,
3779,Pro,2026-03-30 20:27:36.989848,
3780,Free,2026-03-17 20:27:36.989848,2026-04-20 20:27:36.989848
3781,Free,2026-02-19 20:27:36.989848,
3782,Pro,2026-04-03 20:27:36.989848,
3783,Enterprise,2026-03-08 20:27:36.989848,2026-04-06 20:27:36.989848
3784,Free,2026-03-20 20:27:36.989848,
3785,Free,2026-04-07 20:27:36.989848,
3786,Pro,2026-03-19 20:27:36.989848,2026-04-18 20:27:36.989848
3787,Free,2026-04-15 20:27:36.989848,2026-06-13 20:27:36.989848
3788,Free,2026-03-24 20:27:36.989848,
3789,Free,2026-04-06 20:27:36.989848,
3790,Free,2026-03-16 20:27:36.989848,
3791,Free,2026-03-10 20:27:36.989848,
3792,Pro,2026-03-13 20:27:36.989848,
3793,Free,2026-04-04 20:27:36.989848,
3794,Pro,2026-02-28 20:27:36.989848,
3795,Free,2026-03-18 20:27:36.989848,
3796,Free,2026-02-20 20:27:36.989848,
3797,Free,2026-03-01 20:27:36.989848,
3798,Pro,2026-03-05 20:27:36.989848,2026-04-17 20:27:36.989848
3799,Pro,2026-03-24 20:27:36.989848,
3800,Pro,2026-03-21 20:27:36.989848,
3801,Free,2026-03-14 20:27:36.989848,
3802,Free,2026-03-29 20:27:36.989848,
3803,Free,2026-03-25 20:27:36.989848,
3804,Free,2026-04-05 20:27:36.989848,2026-05-16 20:27:36.989848
3805,Free,2026-04-01 20:27:36.989848,
3806,Pro,2026-03-07 20:27:36.989848,
3807,Pro,2026-04-09 20:27:36.989848,
3808,Free,2026-03-29 20:27:36.989848,
3809,Free,2026-03-27 20:27:36.989848,
3810,Pro,2026-03-09 20:27:36.989848,
3811,Free,2026-03-07 20:27:36.989848,
3812,Free,2026-04-16 20:27:36.989848,
3813,Pro,2026-02-26 20:27:36.989848,
3814,Free,2026-03-21 20:27:36.989848,2026-05-04 20:27:36.989848
3815,Free,2026-04-05 20:27:36.989848,
3816,Free,2026-02-26 20:27:36.989848,
3817,Free,2026-04-14 20:27:36.989848,
3818,Free,2026-03-31 20:27:36.989848,
3819,Free,2026-03-12 20:27:36.989848,
3820,Free,2026-03-17 20:27:36.989848,
3821,Pro,2026-03-23 20:27:36.989848,
3822,Free,2026-02-23 20:27:36.989848,
3823,Free,2026-02-26 20:27:36.989848,
3824,Enterprise,2026-02-19 20:27:36.989848,
3825,Free,2026-02-26 20:27:36.989848,
3826,Free,2026-03-25 20:27:36.989848,2026-05-21 20:27:36.989848
3827,Enterprise,2026-03-06 20:27:36.989848,
3828,Free,2026-04-14 20:27:36.989848,
3829,Free,2026-03-24 20:27:36.989848,
3830,Free,2026-04-13 20:27:36.989848,
3831,Free,2026-03-15 20:27:36.989848,
3832,Free,2026-04-09 20:27:36.989848,
3833,Free,2026-03-03 20:27:36.989848,
3834,Pro,2026-03-10 20:27:36.989848,
3835,Pro,2026-03-09 20:27:36.989848,
3836,Free,2026-02-24 20:27:36.989848,
3837,Enterprise,2026-04-14 20:27:36.989848,
3838,Free,2026-02-25 20:27:36.989848,2026-04-05 20:27:36.989848
3839,Pro,2026-03-06 20:27:36.989848,
3840,Free,2026-03-05 20:27:36.989848,
3841,Free,2026-02-24 20:27:36.989848,
3842,Free,2026-04-10 20:27:36.989848,2026-05-02 20:27:36.989848
3843,Free,2026-04-11 20:27:36.989848,
3844,Free,2026-03-17 20:27:36.989848,
3845,Free,2026-02-28 20:27:36.989848,
3846,Free,2026-03-26 20:27:36.989848,
3847,Enterprise,2026-03-24 20:27:36.989848,
3848,Free,2026-04-13 20:27:36.989848,
3849,Free,2026-03-13 20:27:36.989848,
3850,Free,2026-03-23 20:27:36.989848,
3851,Free,2026-03-20 20:27:36.989848,
3852,Free,2026-03-04 20:27:36.989848,
3853,Free,2026-02-24 20:27:36.989848,
3854,Enterprise,2026-03-18 20:27:36.989848,2026-04-26 20:27:36.989848
3855,Free,2026-03-12 20:27:36.989848,
3856,Free,2026-03-03 20:27:36.989848,2026-03-11 20:27:36.989848
3857,Pro,2026-03-28 20:27:36.989848,
3858,Free,2026-03-08 20:27:36.989848,
3859,Free,2026-03-26 20:27:36.989848,2026-05-15 20:27:36.989848
3860,Free,2026-03-20 20:27:36.989848,
3861,Free,2026-03-21 20:27:36.989848,
3862,Free,2026-04-13 20:27:36.989848,
3863,Pro,2026-03-03 20:27:36.989848,
3864,Pro,2026-04-19 20:27:36.989848,
3865,Pro,2026-04-11 20:27:36.989848,
3866,Pro,2026-03-05 20:27:36.989848,
3867,Free,2026-03-14 20:27:36.989848,
3868,Free,2026-04-19 20:27:36.989848,
3869,Free,2026-02-27 20:27:36.989848,
3870,Free,2026-03-29 20:27:36.989848,
3871,Free,2026-03-12 20:27:36.989848,
3872,Free,2026-04-11 20:27:36.989848,
3873,Free,2026-02-26 20:27:36.989848,
3874,Free,2026-04-10 20:27:36.989848,
3875,Free,2026-03-20 20:27:36.989848,
3876,Free,2026-04-09 20:27:36.989848,
3877,Free,2026-03-28 20:27:36.989848,
3878,Free,2026-03-29 20:27:36.989848,
3879,Free,2026-04-13 20:27:36.989848,
3880,Free,2026-04-10 20:27:36.989848,2026-05-17 20:27:36.989848
3881,Free,2026-03-03 20:27:36.989848,
3882,Free,2026-03-26 20:27:36.989848,
3883,Free,2026-03-11 20:27:36.989848,
3884,Pro,2026-03-11 20:27:36.989848,
3885,Free,2026-04-09 20:27:36.989848,
3886,Free,2026-04-11 20:27:36.989848,
3887,Free,2026-04-11 20:27:36.989848,
3888,Pro,2026-03-29 20:27:36.989848,
3889,Free,2026-04-11 20:27:36.989848,
3890,Free,2026-02-26 20:27:36.989848,
3891,Pro,2026-03-13 20:27:36.989848,
3892,Free,2026-03-10 20:27:36.989848,
3893,Free,2026-03-13 20:27:36.989848,
3894,Free,2026-03-19 20:27:36.989848,
3895,Free,2026-03-19 20:27:36.989848,
3896,Free,2026-04-09 20:27:36.989848,
3897,Free,2026-04-11 20:27:36.989848,
3898,Free,2026-04-06 20:27:36.989848,
3899,Pro,2026-04-04 20:27:36.989848,2026-04-28 20:27:36.989848
3900,Free,2026-03-15 20:27:36.989848,
3901,Free,2026-03-19 20:27:36.989848,
3902,Free,2026-03-09 20:27:36.989848,
3903,Enterprise,2026-03-10 20:27:36.989848,
3904,Free,2026-03-31 20:27:36.989848,2026-05-26 20:27:36.989848
3905,Free,2026-03-14 20:27:36.989848,2026-05-01 20:27:36.989848
3906,Pro,2026-02-27 20:27:36.989848,2026-04-04 20:27:36.989848
3907,Free,2026-03-01 20:27:36.989848,
3908,Free,2026-03-03 20:27:36.989848,
3909,Free,2026-02-19 20:27:36.989848,
3910,Free,2026-04-03 20:27:36.989848,
3911,Free,2026-04-17 20:27:36.989848,
3912,Pro,2026-03-17 20:27:36.989848,
3913,Enterprise,2026-02-23 20:27:36.989848,
3914,Free,2026-03-17 20:27:36.989848,
3915,Pro,2026-02-19 20:27:36.989848,
3916,Free,2026-04-17 20:27:36.989848,
3917,Pro,2026-03-10 20:27:36.989848,
3918,Enterprise,2026-02-26 20:27:36.989848,
3919,Free,2026-03-20 20:27:36.989848,
3920,Free,2026-03-21 20:27:36.989848,2026-04-09 20:27:36.989848
3921,Free,2026-04-13 20:27:36.989848,
3922,Enterprise,2026-03-26 20:27:36.989848,
3923,Free,2026-03-28 20:27:36.989848,
3924,Pro,2026-03-14 20:27:36.989848,
3925,Free,2026-04-17 20:27:36.989848,
3926,Pro,2026-03-08 20:27:36.989848,2026-04-14 20:27:36.989848
3927,Pro,2026-03-16 20:27:36.989848,
3928,Free,2026-04-08 20:27:36.989848,
3929,Free,2026-04-15 20:27:36.989848,
3930,Free,2026-02-26 20:27:36.989848,
3931,Pro,2026-03-13 20:27:36.989848,
3932,Pro,2026-03-04 20:27:36.989848,
3933,Free,2026-04-17 20:27:36.989848,
3934,Free,2026-02-19 20:27:36.989848,
3935,Free,2026-03-11 20:27:36.989848,
3936,Free,2026-03-03 20:27:36.989848,2026-03-11 20:27:36.989848
3937,Free,2026-04-03 20:27:36.989848,
3938,Free,2026-02-24 20:27:36.989848,
3939,Free,2026-03-20 20:27:36.989848,2026-04-25 20:27:36.989848
3940,Enterprise,2026-04-16 20:27:36.989848,
3941,Pro,2026-03-24 20:27:36.989848,
3942,Free,2026-02-26 20:27:36.989848,
3943,Free,2026-02-22 20:27:36.989848,
3944,Free,2026-03-04 20:27:36.989848,
3945,Free,2026-02-21 20:27:36.989848,
3946,Free,2026-03-30 20:27:36.989848,2026-04-09 20:27:36.989848
3947,Pro,2026-03-20 20:27:36.989848,
3948,Enterprise,2026-03-30 20:27:36.989848,
3949,Free,2026-02-28 20:27:36.989848,
3950,Free,2026-03-28 20:27:36.989848,
3951,Free,2026-03-23 20:27:36.989848,
3952,Free,2026-04-03 20:27:36.989848,
3953,Free,2026-03-04 20:27:36.989848,2026-03-14 20:27:36.989848
3954,Pro,2026-03-02 20:27:36.989848,2026-04-12 20:27:36.989848
3955,Pro,2026-04-07 20:27:36.989848,
3956,Free,2026-03-05 20:27:36.989848,
3957,Free,2026-03-11 20:27:36.989848,
3958,Free,2026-04-14 20:27:36.989848,
3959,Free,2026-03-08 20:27:36.989848,
3960,Pro,2026-03-24 20:27:36.989848,
3961,Free,2026-03-14 20:27:36.989848,
3962,Free,2026-04-15 20:27:36.989848,
3963,Free,2026-04-15 20:27:36.989848,
3964,Free,2026-03-01 20:27:36.989848,
3965,Free,2026-03-12 20:27:36.989848,2026-04-27 20:27:36.989848
3966,Free,2026-04-06 20:27:36.989848,
3967,Enterprise,2026-02-19 20:27:36.989848,
3968,Pro,2026-03-26 20:27:36.989848,
3969,Free,2026-03-13 20:27:36.989848,
3970,Free,2026-03-25 20:27:36.989848,
3971,Free,2026-02-28 20:27:36.989848,
3972,Pro,2026-03-28 20:27:36.989848,
3973,Pro,2026-03-29 20:27:36.989848,2026-04-09 20:27:36.989848
3974,Free,2026-04-18 20:27:36.989848,2026-05-19 20:27:36.989848
3975,Free,2026-03-19 20:27:36.989848,
3976,Free,2026-03-14 20:27:36.989848,
3977,Free,2026-03-26 20:27:36.989848,
3978,Free,2026-03-28 20:27:36.989848,
3979,Free,2026-04-15 20:27:36.989848,
3980,Pro,2026-03-17 20:27:36.989848,
3981,Pro,2026-03-05 20:27:36.989848,
3982,Pro,2026-03-13 20:27:36.989848,
3983,Pro,2026-02-28 20:27:36.989848,
3984,Free,2026-03-03 20:27:36.989848,2026-04-16 20:27:36.989848
3985,Free,2026-02-27 20:27:36.989848,
3986,Free,2026-03-27 20:27:36.989848,
3987,Pro,2026-04-13 20:27:36.989848,
3988,Pro,2026-03-30 20:27:36.989848,
3989,Pro,2026-03-24 20:27:36.989848,
3990,Free,2026-04-05 20:27:36.989848,
3991,Free,2026-04-10 20:27:36.989848,
3992,Pro,2026-04-13 20:27:36.989848,2026-05-16 20:27:36.989848
3993,Enterprise,2026-04-16 20:27:36.989848,
3994,Free,2026-03-19 20:27:36.989848,
3995,Free,2026-04-08 20:27:36.989848,
3996,Free,2026-04-01 20:27:36.989848,
3997,Free,2026-03-08 20:27:36.989848,
3998,Free,2026-03-10 20:27:36.989848,
3999,Pro,2026-03-17 20:27:36.989848,
4000,Free,2026-04-04 20:27:36.989848,
4001,Free,2026-04-08 20:27:36.989848,
4002,Free,2026-03-31 20:27:36.989848,
4003,Pro,2026-03-14 20:27:36.989848,
4004,Pro,2026-04-12 20:27:36.989848,
4005,Free,2026-04-14 20:27:36.989848,
4006,Free,2026-04-04 20:27:36.989848,
4007,Free,2026-02-19 20:27:36.989848,
4008,Free,2026-02-24 20:27:36.989848,
4009,Pro,2026-03-30 20:27:36.989848,
4010,Enterprise,2026-02-22 20:27:36.989848,
4011,Free,2026-03-08 20:27:36.989848,
4012,Free,2026-03-17 20:27:36.989848,
4013,Free,2026-03-11 20:27:36.989848,
4014,Pro,2026-03-08 20:27:36.989848,2026-05-01 20:27:36.989848
4015,Pro,2026-03-11 20:27:36.989848,
4016,Free,2026-04-16 20:27:36.989848,
4017,Pro,2026-03-02 20:27:36.989848,
4018,Pro,2026-03-10 20:27:36.989848,
4019,Free,2026-03-11 20:27:36.989848,
4020,Free,2026-04-04 20:27:36.989848,
4021,Free,2026-03-09 20:27:36.989848,
4022,Free,2026-03-29 20:27:36.989848,2026-05-01 20:27:36.989848
4023,Pro,2026-03-23 20:27:36.989848,
4024,Enterprise,2026-03-10 20:27:36.989848,2026-04-16 20:27:36.989848
4025,Free,2026-03-28 20:27:36.989848,
4026,Enterprise,2026-04-11 20:27:36.989848,
4027,Free,2026-03-12 20:27:36.989848,
4028,Free,2026-03-04 20:27:36.989848,
4029,Free,2026-03-26 20:27:36.989848,
4030,Pro,2026-04-15 20:27:36.989848,
4031,Pro,2026-02-24 20:27:36.989848,
4032,Free,2026-02-25 20:27:36.989848,
4033,Free,2026-04-11 20:27:36.989848,
4034,Free,2026-03-07 20:27:36.989848,
4035,Free,2026-04-06 20:27:36.989848,2026-04-18 20:27:36.989848
4036,Free,2026-03-27 20:27:36.989848,
4037,Free,2026-02-24 20:27:36.989848,2026-03-24 20:27:36.989848
4038,Free,2026-04-11 20:27:36.989848,
4039,Free,2026-02-26 20:27:36.989848,
4040,Free,2026-02-19 20:27:36.989848,
4041,Free,2026-03-24 20:27:36.989848,
4042,Enterprise,2026-04-13 20:27:36.989848,
4043,Pro,2026-03-19 20:27:36.989848,
4044,Free,2026-02-27 20:27:36.989848,
4045,Free,2026-04-11 20:27:36.989848,
4046,Free,2026-04-11 20:27:36.989848,2026-05-12 20:27:36.989848
4047,Free,2026-03-04 20:27:36.989848,
4048,Free,2026-03-06 20:27:36.989848,2026-03-19 20:27:36.989848
4049,Free,2026-03-12 20:27:36.989848,
4050,Free,2026-03-08 20:27:36.989848,
4051,Free,2026-03-05 20:27:36.989848,
4052,Free,2026-04-11 20:27:36.989848,
4053,Free,2026-03-17 20:27:36.989848,
4054,Pro,2026-04-02 20:27:36.989848,
4055,Pro,2026-02-26 20:27:36.989848,
4056,Free,2026-03-12 20:27:36.989848,2026-04-28 20:27:36.989848
4057,Free,2026-03-15 20:27:36.989848,
4058,Free,2026-03-24 20:27:36.989848,
4059,Free,2026-04-16 20:27:36.989848,
4060,Free,2026-04-11 20:27:36.989848,
4061,Free,2026-03-14 20:27:36.989848,
4062,Free,2026-03-16 20:27:36.989848,
4063,Pro,2026-03-04 20:27:36.989848,
4064,Free,2026-02-27 20:27:36.989848,
4065,Free,2026-04-13 20:27:36.989848,
4066,Free,2026-04-07 20:27:36.989848,
4067,Pro,2026-03-07 20:27:36.989848,
4068,Free,2026-02-25 20:27:36.989848,
4069,Pro,2026-04-03 20:27:36.989848,
4070,Free,2026-03-15 20:27:36.989848,2026-04-03 20:27:36.989848
4071,Free,2026-03-12 20:27:36.989848,
4072,Free,2026-03-24 20:27:36.989848,
4073,Free,2026-03-08 20:27:36.989848,
4074,Enterprise,2026-04-19 20:27:36.989848,2026-04-27 20:27:36.989848
4075,Free,2026-04-07 20:27:36.989848,
4076,Pro,2026-03-02 20:27:36.989848,2026-04-05 20:27:36.989848
4077,Free,2026-02-22 20:27:36.989848,
4078,Free,2026-02-19 20:27:36.989848,
4079,Free,2026-02-23 20:27:36.989848,
4080,Free,2026-03-25 20:27:36.989848,
4081,Free,2026-04-06 20:27:36.989848,
4082,Pro,2026-04-09 20:27:36.989848,
4083,Enterprise,2026-03-04 20:27:36.989848,
4084,Enterprise,2026-02-22 20:27:36.989848,2026-04-01 20:27:36.989848
4085,Pro,2026-04-17 20:27:36.989848,
4086,Free,2026-02-28 20:27:36.989848,
4087,Pro,2026-03-18 20:27:36.989848,
4088,Free,2026-03-23 20:27:36.989848,
4089,Free,2026-02-23 20:27:36.989848,
4090,Free,2026-04-09 20:27:36.989848,
4091,Free,2026-03-14 20:27:36.989848,
4092,Free,2026-03-27 20:27:36.989848,
4093,Free,2026-03-23 20:27:36.989848,
4094,Free,2026-03-19 20:27:36.989848,
4095,Free,2026-04-19 20:27:36.989848,
4096,Free,2026-04-16 20:27:36.989848,
4097,Pro,2026-02-28 20:27:36.989848,
4098,Free,2026-02-19 20:27:36.989848,
4099,Free,2026-04-05 20:27:36.989848,
4100,Free,2026-04-05 20:27:36.989848,2026-06-03 20:27:36.989848
4101,Enterprise,2026-04-04 20:27:36.989848,
4102,Free,2026-03-07 20:27:36.989848,
4103,Free,2026-03-16 20:27:36.989848,
4104,Enterprise,2026-04-07 20:27:36.989848,
4105,Free,2026-03-02 20:27:36.989848,
4106,Free,2026-03-05 20:27:36.989848,
4107,Pro,2026-03-03 20:27:36.989848,
4108,Free,2026-03-24 20:27:36.989848,
4109,Pro,2026-03-01 20:27:36.989848,
4110,Free,2026-04-17 20:27:36.989848,
4111,Free,2026-03-11 20:27:36.989848,
4112,Free,2026-02-27 20:27:36.989848,
4113,Pro,2026-03-01 20:27:36.989848,
4114,Free,2026-04-17 20:27:36.989848,
4115,Free,2026-04-05 20:27:36.989848,
4116,Free,2026-04-12 20:27:36.989848,
4117,Free,2026-02-28 20:27:36.989848,
4118,Free,2026-03-21 20:27:36.989848,
4119,Free,2026-03-28 20:27:36.989848,
4120,Pro,2026-03-01 20:27:36.989848,
4121,Free,2026-03-12 20:27:36.989848,
4122,Pro,2026-03-22 20:27:36.989848,
4123,Pro,2026-02-26 20:27:36.989848,
4124,Free,2026-02-22 20:27:36.989848,2026-03-04 20:27:36.989848
4125,Free,2026-02-27 20:27:36.989848,
4126,Free,2026-02-22 20:27:36.989848,
4127,Free,2026-03-28 20:27:36.989848,
4128,Free,2026-03-11 20:27:36.989848,2026-04-23 20:27:36.989848
4129,Free,2026-04-05 20:27:36.989848,
4130,Free,2026-02-25 20:27:36.989848,
4131,Free,2026-04-11 20:27:36.989848,2026-05-27 20:27:36.989848
4132,Free,2026-04-17 20:27:36.989848,
4133,Free,2026-03-12 20:27:36.989848,
4134,Free,2026-04-09 20:27:36.989848,
4135,Enterprise,2026-03-21 20:27:36.989848,
4136,Free,2026-02-23 20:27:36.989848,2026-03-06 20:27:36.989848
4137,Free,2026-03-01 20:27:36.989848,2026-04-08 20:27:36.989848
4138,Free,2026-03-09 20:27:36.989848,
4139,Pro,2026-03-07 20:27:36.989848,2026-03-30 20:27:36.989848
4140,Free,2026-04-16 20:27:36.989848,
4141,Free,2026-03-22 20:27:36.989848,
4142,Free,2026-04-17 20:27:36.989848,
4143,Enterprise,2026-02-25 20:27:36.989848,
4144,Pro,2026-03-11 20:27:36.989848,
4145,Pro,2026-03-25 20:27:36.989848,2026-04-04 20:27:36.989848
4146,Free,2026-03-08 20:27:36.989848,2026-05-05 20:27:36.989848
4147,Free,2026-03-10 20:27:36.989848,
4148,Free,2026-03-09 20:27:36.989848,
4149,Free,2026-03-03 20:27:36.989848,2026-04-23 20:27:36.989848
4150,Free,2026-03-20 20:27:36.989848,
4151,Free,2026-04-03 20:27:36.989848,
4152,Free,2026-03-08 20:27:36.989848,2026-04-02 20:27:36.989848
4153,Free,2026-03-31 20:27:36.989848,
4154,Pro,2026-02-22 20:27:36.989848,
4155,Free,2026-04-03 20:27:36.989848,
4156,Pro,2026-03-01 20:27:36.989848,
4157,Free,2026-04-19 20:27:36.989848,
4158,Pro,2026-03-08 20:27:36.989848,
4159,Free,2026-02-28 20:27:36.989848,
4160,Free,2026-03-04 20:27:36.989848,
4161,Enterprise,2026-03-20 20:27:36.989848,
4162,Free,2026-03-03 20:27:36.989848,
4163,Free,2026-03-13 20:27:36.989848,
4164,Free,2026-04-10 20:27:36.989848,
4165,Free,2026-02-21 20:27:36.989848,
4166,Pro,2026-03-22 20:27:36.989848,
4167,Free,2026-02-24 20:27:36.989848,
4168,Free,2026-03-22 20:27:36.989848,2026-05-20 20:27:36.989848
4169,Free,2026-03-01 20:27:36.989848,
4170,Pro,2026-02-20 20:27:36.989848,
4171,Free,2026-03-25 20:27:36.989848,
4172,Enterprise,2026-03-21 20:27:36.989848,
4173,Pro,2026-03-15 20:27:36.989848,
4174,Free,2026-03-09 20:27:36.989848,
4175,Free,2026-02-28 20:27:36.989848,
4176,Pro,2026-02-20 20:27:36.989848,
4177,Free,2026-03-10 20:27:36.989848,
4178,Pro,2026-03-20 20:27:36.989848,
4179,Free,2026-03-28 20:27:36.989848,
4180,Free,2026-04-14 20:27:36.989848,
4181,Free,2026-03-07 20:27:36.989848,
4182,Pro,2026-04-15 20:27:36.989848,
4183,Pro,2026-03-26 20:27:36.989848,
4184,Free,2026-02-24 20:27:36.989848,
4185,Free,2026-03-02 20:27:36.989848,
4186,Free,2026-03-30 20:27:36.989848,
4187,Free,2026-04-17 20:27:36.989848,
4188,Free,2026-02-23 20:27:36.989848,2026-03-09 20:27:36.989848
4189,Pro,2026-03-26 20:27:36.989848,
4190,Pro,2026-02-26 20:27:36.989848,
4191,Free,2026-03-09 20:27:36.989848,
4192,Free,2026-04-16 20:27:36.989848,2026-06-03 20:27:36.989848
4193,Free,2026-03-21 20:27:36.989848,
4194,Free,2026-03-13 20:27:36.989848,
4195,Free,2026-03-15 20:27:36.989848,2026-04-19 20:27:36.989848
4196,Pro,2026-04-16 20:27:36.989848,
4197,Pro,2026-04-14 20:27:36.989848,
4198,Free,2026-02-28 20:27:36.989848,2026-03-29 20:27:36.989848
4199,Pro,2026-03-21 20:27:36.989848,
4200,Free,2026-02-21 20:27:36.989848,
4201,Free,2026-02-19 20:27:36.989848,
4202,Free,2026-02-25 20:27:36.989848,2026-03-04 20:27:36.989848
4203,Free,2026-04-04 20:27:36.989848,
4204,Free,2026-03-03 20:27:36.989848,
4205,Free,2026-04-03 20:27:36.989848,
4206,Pro,2026-04-18 20:27:36.989848,
4207,Free,2026-04-15 20:27:36.989848,
4208,Free,2026-04-16 20:27:36.989848,2026-04-23 20:27:36.989848
4209,Pro,2026-03-22 20:27:36.989848,
4210,Free,2026-03-19 20:27:36.989848,
4211,Pro,2026-04-07 20:27:36.989848,
4212,Free,2026-03-26 20:27:36.989848,
4213,Free,2026-03-24 20:27:36.989848,
4214,Pro,2026-03-07 20:27:36.989848,
4215,Pro,2026-03-05 20:27:36.989848,2026-04-30 20:27:36.989848
4216,Free,2026-04-12 20:27:36.989848,
4217,Free,2026-03-17 20:27:36.989848,
4218,Free,2026-04-03 20:27:36.989848,
4219,Free,2026-03-04 20:27:36.989848,
4220,Free,2026-03-09 20:27:36.989848,
4221,Free,2026-03-17 20:27:36.989848,2026-04-27 20:27:36.989848
4222,Free,2026-04-05 20:27:36.989848,
4223,Free,2026-04-13 20:27:36.989848,
4224,Pro,2026-03-24 20:27:36.989848,2026-04-22 20:27:36.989848
4225,Free,2026-04-04 20:27:36.989848,
4226,Pro,2026-03-04 20:27:36.989848,
4227,Free,2026-04-10 20:27:36.989848,
4228,Free,2026-02-23 20:27:36.989848,
4229,Enterprise,2026-03-04 20:27:36.989848,2026-04-03 20:27:36.989848
4230,Pro,2026-04-16 20:27:36.989848,
4231,Free,2026-03-19 20:27:36.989848,
4232,Free,2026-02-28 20:27:36.989848,
4233,Free,2026-04-18 20:27:36.989848,
4234,Free,2026-02-23 20:27:36.989848,
4235,Free,2026-03-14 20:27:36.989848,
4236,Free,2026-03-22 20:27:36.989848,
4237,Free,2026-03-11 20:27:36.989848,
4238,Free,2026-04-19 20:27:36.989848,2026-06-07 20:27:36.989848
4239,Pro,2026-02-24 20:27:36.989848,
4240,Pro,2026-03-04 20:27:36.989848,
4241,Pro,2026-04-15 20:27:36.989848,
4242,Pro,2026-02-24 20:27:36.989848,
4243,Free,2026-02-20 20:27:36.989848,
4244,Free,2026-03-22 20:27:36.989848,
4245,Pro,2026-03-13 20:27:36.989848,2026-04-18 20:27:36.989848
4246,Pro,2026-03-27 20:27:36.989848,
4247,Free,2026-03-31 20:27:36.989848,
4248,Pro,2026-02-25 20:27:36.989848,
4249,Free,2026-04-02 20:27:36.989848,
4250,Free,2026-04-07 20:27:36.989848,
4251,Free,2026-03-05 20:27:36.989848,
4252,Free,2026-04-08 20:27:36.989848,2026-05-07 20:27:36.989848
4253,Free,2026-04-03 20:27:36.989848,2026-04-19 20:27:36.989848
4254,Free,2026-03-12 20:27:36.989848,
4255,Free,2026-04-10 20:27:36.989848,
4256,Free,2026-03-05 20:27:36.989848,
4257,Free,2026-03-02 20:27:36.989848,
4258,Pro,2026-04-11 20:27:36.989848,
4259,Free,2026-03-06 20:27:36.989848,
4260,Free,2026-03-09 20:27:36.989848,
4261,Free,2026-03-29 20:27:36.989848,
4262,Free,2026-02-26 20:27:36.989848,
4263,Free,2026-04-17 20:27:36.989848,
4264,Free,2026-04-17 20:27:36.989848,
4265,Free,2026-02-22 20:27:36.989848,
4266,Free,2026-02-24 20:27:36.989848,
4267,Pro,2026-02-23 20:27:36.989848,
4268,Pro,2026-03-10 20:27:36.989848,
4269,Pro,2026-02-19 20:27:36.989848,
4270,Pro,2026-03-21 20:27:36.989848,
4271,Free,2026-03-19 20:27:36.989848,2026-04-10 20:27:36.989848
4272,Enterprise,2026-03-02 20:27:36.989848,
4273,Free,2026-04-12 20:27:36.989848,
4274,Free,2026-04-08 20:27:36.989848,
4275,Free,2026-03-30 20:27:36.989848,
4276,Free,2026-04-09 20:27:36.989848,2026-05-08 20:27:36.989848
4277,Pro,2026-02-26 20:27:36.989848,
4278,Free,2026-02-26 20:27:36.989848,
4279,Free,2026-04-06 20:27:36.989848,
4280,Free,2026-02-19 20:27:36.989848,2026-04-11 20:27:36.989848
4281,Free,2026-04-06 20:27:36.989848,
4282,Free,2026-03-12 20:27:36.989848,
4283,Free,2026-02-21 20:27:36.989848,
4284,Free,2026-03-09 20:27:36.989848,
4285,Free,2026-03-28 20:27:36.989848,
4286,Free,2026-04-05 20:27:36.989848,
4287,Free,2026-04-06 20:27:36.989848,
4288,Free,2026-03-29 20:27:36.989848,
4289,Enterprise,2026-02-19 20:27:36.989848,
4290,Pro,2026-02-26 20:27:36.989848,
4291,Free,2026-04-08 20:27:36.989848,
4292,Free,2026-03-20 20:27:36.989848,
4293,Pro,2026-03-17 20:27:36.989848,
4294,Free,2026-04-07 20:27:36.989848,
4295,Free,2026-04-17 20:27:36.989848,
4296,Free,2026-04-14 20:27:36.989848,2026-06-04 20:27:36.989848
4297,Free,2026-03-25 20:27:36.989848,
4298,Pro,2026-04-09 20:27:36.989848,
4299,Free,2026-03-10 20:27:36.989848,
4300,Free,2026-03-22 20:27:36.989848,
4301,Pro,2026-03-08 20:27:36.989848,2026-05-05 20:27:36.989848
4302,Pro,2026-03-12 20:27:36.989848,
4303,Free,2026-04-12 20:27:36.989848,
4304,Free,2026-03-31 20:27:36.989848,
4305,Free,2026-04-13 20:27:36.989848,
4306,Free,2026-03-22 20:27:36.989848,2026-05-07 20:27:36.989848
4307,Free,2026-03-04 20:27:36.989848,2026-04-21 20:27:36.989848
4308,Pro,2026-03-18 20:27:36.989848,
4309,Free,2026-03-22 20:27:36.989848,
4310,Free,2026-03-30 20:27:36.989848,
4311,Pro,2026-03-08 20:27:36.989848,
4312,Free,2026-04-12 20:27:36.989848,
4313,Pro,2026-04-08 20:27:36.989848,
4314,Free,2026-03-27 20:27:36.989848,2026-05-06 20:27:36.989848
4315,Free,2026-04-14 20:27:36.989848,2026-05-07 20:27:36.989848
4316,Pro,2026-04-05 20:27:36.989848,
4317,Free,2026-04-07 20:27:36.989848,
4318,Pro,2026-03-07 20:27:36.989848,
4319,Free,2026-03-24 20:27:36.989848,
4320,Pro,2026-03-17 20:27:36.989848,
4321,Pro,2026-03-02 20:27:36.989848,
4322,Pro,2026-03-10 20:27:36.989848,
4323,Free,2026-03-02 20:27:36.989848,2026-04-30 20:27:36.989848
4324,Free,2026-03-27 20:27:36.989848,
4325,Free,2026-03-05 20:27:36.989848,
4326,Pro,2026-04-19 20:27:36.989848,2026-05-22 20:27:36.989848
4327,Pro,2026-04-06 20:27:36.989848,
4328,Free,2026-04-01 20:27:36.989848,
4329,Pro,2026-03-12 20:27:36.989848,
4330,Pro,2026-03-28 20:27:36.989848,
4331,Enterprise,2026-04-12 20:27:36.989848,2026-04-26 20:27:36.989848
4332,Pro,2026-03-28 20:27:36.989848,2026-05-10 20:27:36.989848
4333,Free,2026-03-02 20:27:36.989848,
4334,Free,2026-03-25 20:27:36.989848,
4335,Free,2026-04-03 20:27:36.989848,
4336,Free,2026-02-28 20:27:36.989848,
4337,Free,2026-04-12 20:27:36.989848,
4338,Free,2026-03-15 20:27:36.989848,
4339,Enterprise,2026-02-20 20:27:36.989848,2026-03-10 20:27:36.989848
4340,Free,2026-04-04 20:27:36.989848,
4341,Pro,2026-04-11 20:27:36.989848,2026-05-13 20:27:36.989848
4342,Free,2026-03-10 20:27:36.989848,
4343,Pro,2026-03-29 20:27:36.989848,
4344,Pro,2026-02-24 20:27:36.989848,2026-03-17 20:27:36.989848
4345,Free,2026-02-23 20:27:36.989848,
4346,Pro,2026-03-31 20:27:36.989848,
4347,Free,2026-02-22 20:27:36.989848,2026-03-14 20:27:36.989848
4348,Free,2026-03-07 20:27:36.989848,2026-04-09 20:27:36.989848
4349,Pro,2026-04-02 20:27:36.989848,
4350,Free,2026-02-21 20:27:36.989848,
4351,Free,2026-04-05 20:27:36.989848,
4352,Free,2026-03-19 20:27:36.989848,
4353,Free,2026-02-22 20:27:36.989848,
4354,Free,2026-04-19 20:27:36.989848,
4355,Pro,2026-04-04 20:27:36.989848,
4356,Pro,2026-04-13 20:27:36.989848,
4357,Free,2026-04-07 20:27:36.989848,
4358,Pro,2026-03-17 20:27:36.989848,2026-03-28 20:27:36.989848
4359,Free,2026-02-21 20:27:36.989848,
4360,Free,2026-02-21 20:27:36.989848,
4361,Free,2026-02-21 20:27:36.989848,
4362,Pro,2026-02-28 20:27:36.989848,
4363,Free,2026-03-27 20:27:36.989848,
4364,Free,2026-03-10 20:27:36.989848,
4365,Free,2026-03-03 20:27:36.989848,
4366,Free,2026-03-18 20:27:36.989848,
4367,Free,2026-03-18 20:27:36.989848,
4368,Free,2026-03-13 20:27:36.989848,
4369,Free,2026-02-24 20:27:36.989848,
4370,Free,2026-02-21 20:27:36.989848,
4371,Pro,2026-04-19 20:27:36.989848,
4372,Free,2026-04-04 20:27:36.989848,
4373,Pro,2026-03-03 20:27:36.989848,
4374,Free,2026-03-18 20:27:36.989848,
4375,Free,2026-04-15 20:27:36.989848,
4376,Free,2026-04-11 20:27:36.989848,
4377,Free,2026-03-10 20:27:36.989848,
4378,Pro,2026-03-13 20:27:36.989848,
4379,Pro,2026-04-02 20:27:36.989848,
4380,Free,2026-04-10 20:27:36.989848,
4381,Free,2026-03-11 20:27:36.989848,
4382,Pro,2026-04-19 20:27:36.989848,
4383,Pro,2026-03-12 20:27:36.989848,
4384,Pro,2026-03-23 20:27:36.989848,
4385,Free,2026-03-13 20:27:36.989848,2026-03-21 20:27:36.989848
4386,Pro,2026-04-14 20:27:36.989848,
4387,Pro,2026-04-19 20:27:36.989848,
4388,Pro,2026-03-19 20:27:36.989848,
4389,Pro,2026-03-26 20:27:36.989848,
4390,Free,2026-03-21 20:27:36.989848,2026-03-28 20:27:36.989848
4391,Free,2026-03-30 20:27:36.989848,
4392,Free,2026-04-07 20:27:36.989848,
4393,Enterprise,2026-03-10 20:27:36.989848,2026-04-30 20:27:36.989848
4394,Free,2026-03-22 20:27:36.989848,
4395,Free,2026-04-03 20:27:36.989848,
4396,Free,2026-03-14 20:27:36.989848,
4397,Free,2026-02-25 20:27:36.989848,
4398,Free,2026-02-19 20:27:36.989848,
4399,Free,2026-02-23 20:27:36.989848,
4400,Free,2026-04-08 20:27:36.989848,
4401,Pro,2026-02-27 20:27:36.989848,
4402,Free,2026-04-14 20:27:36.989848,
4403,Free,2026-04-12 20:27:36.989848,
4404,Free,2026-03-11 20:27:36.989848,
4405,Free,2026-04-17 20:27:36.989848,2026-04-29 20:27:36.989848
4406,Pro,2026-03-19 20:27:36.989848,
4407,Free,2026-04-14 20:27:36.989848,2026-05-11 20:27:36.989848
4408,Pro,2026-03-21 20:27:36.989848,
4409,Free,2026-03-29 20:27:36.989848,2026-05-04 20:27:36.989848
4410,Free,2026-04-16 20:27:36.989848,
4411,Free,2026-04-13 20:27:36.989848,
4412,Free,2026-03-20 20:27:36.989848,2026-05-04 20:27:36.989848
4413,Pro,2026-03-25 20:27:36.989848,
4414,Free,2026-03-04 20:27:36.989848,2026-04-15 20:27:36.989848
4415,Free,2026-03-30 20:27:36.989848,
4416,Pro,2026-02-26 20:27:36.989848,
4417,Pro,2026-02-22 20:27:36.989848,
4418,Free,2026-03-20 20:27:36.989848,
4419,Free,2026-03-06 20:27:36.989848,2026-03-21 20:27:36.989848
4420,Pro,2026-03-24 20:27:36.989848,
4421,Pro,2026-02-27 20:27:36.989848,
4422,Free,2026-02-21 20:27:36.989848,2026-04-03 20:27:36.989848
4423,Pro,2026-03-22 20:27:36.989848,
4424,Pro,2026-03-22 20:27:36.989848,2026-04-21 20:27:36.989848
4425,Pro,2026-04-13 20:27:36.989848,2026-06-08 20:27:36.989848
4426,Free,2026-03-13 20:27:36.989848,
4427,Free,2026-03-26 20:27:36.989848,
4428,Free,2026-04-05 20:27:36.989848,2026-05-04 20:27:36.989848
4429,Free,2026-03-23 20:27:36.989848,
4430,Free,2026-03-08 20:27:36.989848,
4431,Free,2026-04-15 20:27:36.989848,
4432,Free,2026-03-02 20:27:36.989848,
4433,Pro,2026-04-17 20:27:36.989848,
4434,Enterprise,2026-04-13 20:27:36.989848,
4435,Pro,2026-04-05 20:27:36.989848,
4436,Free,2026-03-29 20:27:36.989848,
4437,Free,2026-04-09 20:27:36.989848,
4438,Free,2026-04-05 20:27:36.989848,
4439,Enterprise,2026-03-19 20:27:36.989848,
4440,Free,2026-03-21 20:27:36.989848,
4441,Free,2026-03-31 20:27:36.989848,
4442,Pro,2026-03-11 20:27:36.989848,
4443,Pro,2026-04-05 20:27:36.989848,
4444,Free,2026-04-10 20:27:36.989848,
4445,Enterprise,2026-02-21 20:27:36.989848,2026-04-17 20:27:36.989848
4446,Pro,2026-03-17 20:27:36.989848,
4447,Pro,2026-04-09 20:27:36.989848,
4448,Free,2026-04-18 20:27:36.989848,
4449,Free,2026-03-15 20:27:36.989848,2026-04-24 20:27:36.989848
4450,Free,2026-02-27 20:27:36.989848,
4451,Free,2026-04-18 20:27:36.989848,
4452,Free,2026-03-15 20:27:36.989848,2026-05-04 20:27:36.989848
4453,Pro,2026-03-27 20:27:36.989848,
4454,Pro,2026-03-16 20:27:36.989848,
4455,Free,2026-03-19 20:27:36.989848,
4456,Pro,2026-04-02 20:27:36.989848,
4457,Free,2026-03-25 20:27:36.989848,
4458,Free,2026-03-13 20:27:36.989848,2026-04-22 20:27:36.989848
4459,Free,2026-02-22 20:27:36.989848,
4460,Free,2026-03-24 20:27:36.989848,
4461,Free,2026-03-18 20:27:36.989848,
4462,Free,2026-04-16 20:27:36.989848,
4463,Free,2026-02-20 20:27:36.989848,
4464,Free,2026-02-22 20:27:36.989848,
4465,Pro,2026-03-18 20:27:36.989848,
4466,Free,2026-03-08 20:27:36.989848,
4467,Free,2026-03-17 20:27:36.989848,
4468,Free,2026-02-24 20:27:36.989848,2026-04-10 20:27:36.989848
4469,Free,2026-04-12 20:27:36.989848,
4470,Pro,2026-03-09 20:27:36.989848,
4471,Free,2026-03-19 20:27:36.989848,
4472,Pro,2026-03-17 20:27:36.989848,
4473,Free,2026-03-28 20:27:36.989848,
4474,Pro,2026-03-07 20:27:36.989848,
4475,Pro,2026-03-29 20:27:36.989848,
4476,Free,2026-02-22 20:27:36.989848,2026-04-01 20:27:36.989848
4477,Pro,2026-02-19 20:27:36.989848,
4478,Pro,2026-03-06 20:27:36.989848,
4479,Pro,2026-02-24 20:27:36.989848,
4480,Free,2026-03-13 20:27:36.989848,2026-05-03 20:27:36.989848
4481,Pro,2026-02-26 20:27:36.989848,
4482,Free,2026-03-07 20:27:36.989848,
4483,Pro,2026-04-19 20:27:36.989848,2026-04-30 20:27:36.989848
4484,Pro,2026-04-01 20:27:36.989848,
4485,Free,2026-02-26 20:27:36.989848,
4486,Free,2026-04-11 20:27:36.989848,
4487,Pro,2026-04-03 20:27:36.989848,
4488,Free,2026-04-08 20:27:36.989848,
4489,Pro,2026-04-16 20:27:36.989848,2026-06-05 20:27:36.989848
4490,Pro,2026-04-19 20:27:36.989848,
4491,Free,2026-02-27 20:27:36.989848,
4492,Free,2026-03-04 20:27:36.989848,
4493,Free,2026-03-23 20:27:36.989848,
4494,Free,2026-04-01 20:27:36.989848,
4495,Enterprise,2026-03-07 20:27:36.989848,
4496,Free,2026-03-13 20:27:36.989848,
4497,Pro,2026-03-28 20:27:36.989848,2026-04-22 20:27:36.989848
4498,Free,2026-04-15 20:27:36.989848,2026-06-12 20:27:36.989848
4499,Enterprise,2026-03-13 20:27:36.989848,
4500,Free,2026-04-07 20:27:36.989848,
4501,Pro,2026-03-03 20:27:36.989848,
4502,Free,2026-04-11 20:27:36.989848,
4503,Free,2026-04-11 20:27:36.989848,
4504,Free,2026-03-13 20:27:36.989848,
4505,Pro,2026-04-06 20:27:36.989848,
4506,Pro,2026-03-29 20:27:36.989848,
4507,Free,2026-03-20 20:27:36.989848,
4508,Pro,2026-04-05 20:27:36.989848,
4509,Pro,2026-02-25 20:27:36.989848,
4510,Pro,2026-03-08 20:27:36.989848,
4511,Free,2026-02-28 20:27:36.989848,
4512,Pro,2026-03-05 20:27:36.989848,
4513,Free,2026-04-10 20:27:36.989848,
4514,Pro,2026-03-20 20:27:36.989848,
4515,Pro,2026-04-07 20:27:36.989848,
4516,Enterprise,2026-04-11 20:27:36.989848,
4517,Free,2026-03-30 20:27:36.989848,
4518,Pro,2026-04-15 20:27:36.989848,
4519,Pro,2026-02-20 20:27:36.989848,
4520,Pro,2026-03-22 20:27:36.989848,
4521,Free,2026-03-14 20:27:36.989848,2026-04-23 20:27:36.989848
4522,Pro,2026-03-16 20:27:36.989848,
4523,Free,2026-03-27 20:27:36.989848,
4524,Free,2026-03-13 20:27:36.989848,
4525,Pro,2026-03-05 20:27:36.989848,
4526,Free,2026-04-11 20:27:36.989848,
4527,Free,2026-03-03 20:27:36.989848,
4528,Free,2026-02-27 20:27:36.989848,2026-04-07 20:27:36.989848
4529,Enterprise,2026-02-19 20:27:36.989848,
4530,Free,2026-03-11 20:27:36.989848,
4531,Free,2026-03-15 20:27:36.989848,
4532,Free,2026-04-19 20:27:36.989848,
4533,Free,2026-04-02 20:27:36.989848,
4534,Free,2026-03-14 20:27:36.989848,
4535,Free,2026-04-03 20:27:36.989848,
4536,Enterprise,2026-03-09 20:27:36.989848,
4537,Free,2026-03-27 20:27:36.989848,2026-05-18 20:27:36.989848
4538,Pro,2026-03-11 20:27:36.989848,
4539,Pro,2026-04-17 20:27:36.989848,2026-05-20 20:27:36.989848
4540,Free,2026-03-02 20:27:36.989848,
4541,Pro,2026-03-28 20:27:36.989848,
4542,Free,2026-02-22 20:27:36.989848,2026-03-13 20:27:36.989848
4543,Pro,2026-04-08 20:27:36.989848,
4544,Pro,2026-04-14 20:27:36.989848,
4545,Free,2026-03-07 20:27:36.989848,
4546,Free,2026-03-03 20:27:36.989848,
4547,Free,2026-03-26 20:27:36.989848,
4548,Pro,2026-02-28 20:27:36.989848,
4549,Free,2026-03-22 20:27:36.989848,
4550,Free,2026-04-11 20:27:36.989848,
4551,Free,2026-04-18 20:27:36.989848,
4552,Free,2026-04-12 20:27:36.989848,
4553,Free,2026-04-02 20:27:36.989848,2026-05-13 20:27:36.989848
4554,Pro,2026-02-21 20:27:36.989848,
4555,Free,2026-04-11 20:27:36.989848,
4556,Free,2026-03-02 20:27:36.989848,
4557,Pro,2026-03-13 20:27:36.989848,
4558,Pro,2026-03-11 20:27:36.989848,
4559,Pro,2026-04-07 20:27:36.989848,
4560,Free,2026-04-08 20:27:36.989848,2026-04-16 20:27:36.989848
4561,Pro,2026-03-15 20:27:36.989848,
4562,Free,2026-04-03 20:27:36.989848,
4563,Free,2026-03-10 20:27:36.989848,
4564,Free,2026-04-14 20:27:36.989848,2026-05-10 20:27:36.989848
4565,Free,2026-04-13 20:27:36.989848,
4566,Free,2026-02-24 20:27:36.989848,
4567,Free,2026-04-19 20:27:36.989848,
4568,Free,2026-03-05 20:27:36.989848,
4569,Free,2026-04-07 20:27:36.989848,2026-04-19 20:27:36.989848
4570,Pro,2026-03-29 20:27:36.989848,
4571,Free,2026-03-18 20:27:36.989848,
4572,Free,2026-02-23 20:27:36.989848,
4573,Free,2026-03-30 20:27:36.989848,
4574,Free,2026-03-24 20:27:36.989848,
4575,Pro,2026-03-03 20:27:36.989848,
4576,Free,2026-03-05 20:27:36.989848,
4577,Pro,2026-02-19 20:27:36.989848,
4578,Free,2026-04-02 20:27:36.989848,
4579,Pro,2026-03-28 20:27:36.989848,
4580,Free,2026-04-12 20:27:36.989848,
4581,Free,2026-02-21 20:27:36.989848,
4582,Free,2026-03-21 20:27:36.989848,
4583,Free,2026-03-21 20:27:36.989848,
4584,Free,2026-04-03 20:27:36.989848,
4585,Pro,2026-04-07 20:27:36.989848,
4586,Pro,2026-03-20 20:27:36.989848,
4587,Free,2026-03-24 20:27:36.989848,
4588,Free,2026-04-02 20:27:36.989848,
4589,Pro,2026-03-22 20:27:36.989848,
4590,Enterprise,2026-02-21 20:27:36.989848,
4591,Free,2026-04-06 20:27:36.989848,
4592,Free,2026-02-28 20:27:36.989848,
4593,Free,2026-04-05 20:27:36.989848,
4594,Free,2026-03-16 20:27:36.989848,2026-04-13 20:27:36.989848
4595,Enterprise,2026-02-23 20:27:36.989848,
4596,Free,2026-04-10 20:27:36.989848,
4597,Free,2026-03-02 20:27:36.989848,
4598,Free,2026-02-25 20:27:36.989848,
4599,Free,2026-03-12 20:27:36.989848,2026-05-08 20:27:36.989848
4600,Free,2026-03-13 20:27:36.989848,
4601,Free,2026-04-09 20:27:36.989848,
4602,Free,2026-04-13 20:27:36.989848,
4603,Free,2026-04-14 20:27:36.989848,
4604,Free,2026-03-25 20:27:36.989848,
4605,Free,2026-03-11 20:27:36.989848,
4606,Free,2026-04-04 20:27:36.989848,
4607,Free,2026-04-12 20:27:36.989848,
4608,Pro,2026-04-12 20:27:36.989848,
4609,Free,2026-02-28 20:27:36.989848,
4610,Free,2026-03-22 20:27:36.989848,
4611,Free,2026-02-19 20:27:36.989848,2026-02-27 20:27:36.989848
4612,Free,2026-04-19 20:27:36.989848,
4613,Pro,2026-04-10 20:27:36.989848,
4614,Free,2026-03-10 20:27:36.989848,
4615,Pro,2026-03-20 20:27:36.989848,
4616,Enterprise,2026-04-04 20:27:36.989848,
4617,Pro,2026-02-28 20:27:36.989848,
4618,Pro,2026-04-13 20:27:36.989848,
4619,Pro,2026-03-23 20:27:36.989848,
4620,Free,2026-03-25 20:27:36.989848,
4621,Free,2026-03-09 20:27:36.989848,
4622,Free,2026-03-24 20:27:36.989848,
4623,Free,2026-02-20 20:27:36.989848,2026-04-05 20:27:36.989848
4624,Free,2026-03-18 20:27:36.989848,
4625,Free,2026-02-21 20:27:36.989848,2026-04-10 20:27:36.989848
4626,Enterprise,2026-03-08 20:27:36.989848,
4627,Free,2026-02-21 20:27:36.989848,
4628,Free,2026-04-08 20:27:36.989848,
4629,Pro,2026-02-24 20:27:36.989848,
4630,Free,2026-02-25 20:27:36.989848,2026-03-30 20:27:36.989848
4631,Free,2026-03-18 20:27:36.989848,2026-03-31 20:27:36.989848
4632,Pro,2026-03-12 20:27:36.989848,
4633,Free,2026-03-23 20:27:36.989848,
4634,Free,2026-04-05 20:27:36.989848,
4635,Free,2026-03-06 20:27:36.989848,2026-05-03 20:27:36.989848
4636,Free,2026-03-28 20:27:36.989848,2026-05-12 20:27:36.989848
4637,Pro,2026-04-15 20:27:36.989848,
4638,Free,2026-03-03 20:27:36.989848,
4639,Free,2026-04-14 20:27:36.989848,
4640,Free,2026-02-22 20:27:36.989848,
4641,Free,2026-04-12 20:27:36.989848,
4642,Free,2026-03-09 20:27:36.989848,
4643,Free,2026-04-14 20:27:36.989848,
4644,Free,2026-02-25 20:27:36.989848,
4645,Free,2026-03-12 20:27:36.989848,
4646,Free,2026-02-26 20:27:36.989848,
4647,Free,2026-04-04 20:27:36.989848,
4648,Free,2026-03-23 20:27:36.989848,
4649,Free,2026-04-12 20:27:36.989848,2026-05-11 20:27:36.989848
4650,Pro,2026-02-20 20:27:36.989848,
4651,Pro,2026-04-08 20:27:36.989848,
4652,Free,2026-02-21 20:27:36.989848,
4653,Pro,2026-02-28 20:27:36.989848,
4654,Free,2026-04-06 20:27:36.989848,
4655,Free,2026-03-28 20:27:36.989848,2026-04-28 20:27:36.989848
4656,Free,2026-02-19 20:27:36.989848,
4657,Pro,2026-04-07 20:27:36.989848,
4658,Free,2026-03-07 20:27:36.989848,
4659,Free,2026-03-19 20:27:36.989848,
4660,Free,2026-04-13 20:27:36.989848,2026-04-30 20:27:36.989848
4661,Enterprise,2026-03-04 20:27:36.989848,
4662,Free,2026-02-20 20:27:36.989848,
4663,Free,2026-03-26 20:27:36.989848,2026-04-17 20:27:36.989848
4664,Pro,2026-02-22 20:27:36.989848,
4665,Free,2026-02-19 20:27:36.989848,2026-02-26 20:27:36.989848
4666,Free,2026-04-16 20:27:36.989848,
4667,Free,2026-03-11 20:27:36.989848,
4668,Pro,2026-04-07 20:27:36.989848,
4669,Free,2026-02-22 20:27:36.989848,
4670,Pro,2026-03-02 20:27:36.989848,
4671,Free,2026-03-25 20:27:36.989848,2026-05-22 20:27:36.989848
4672,Free,2026-02-19 20:27:36.989848,2026-03-15 20:27:36.989848
4673,Pro,2026-04-08 20:27:36.989848,2026-05-06 20:27:36.989848
4674,Free,2026-02-27 20:27:36.989848,
4675,Pro,2026-04-02 20:27:36.989848,2026-04-22 20:27:36.989848
4676,Pro,2026-03-14 20:27:36.989848,
4677,Pro,2026-04-07 20:27:36.989848,
4678,Enterprise,2026-03-26 20:27:36.989848,
4679,Enterprise,2026-04-03 20:27:36.989848,
4680,Pro,2026-04-16 20:27:36.989848,
4681,Free,2026-04-08 20:27:36.989848,
4682,Free,2026-04-12 20:27:36.989848,
4683,Free,2026-04-15 20:27:36.989848,
4684,Free,2026-03-08 20:27:36.989848,
4685,Enterprise,2026-02-23 20:27:36.989848,
4686,Free,2026-03-05 20:27:36.989848,
4687,Free,2026-04-03 20:27:36.989848,
4688,Free,2026-03-31 20:27:36.989848,
4689,Free,2026-04-17 20:27:36.989848,
4690,Free,2026-03-12 20:27:36.989848,
4691,Free,2026-03-06 20:27:36.989848,
4692,Free,2026-02-28 20:27:36.989848,2026-03-21 20:27:36.989848
4693,Pro,2026-02-26 20:27:36.989848,
4694,Free,2026-02-26 20:27:36.989848,
4695,Free,2026-03-20 20:27:36.989848,
4696,Pro,2026-04-12 20:27:36.989848,2026-05-21 20:27:36.989848
4697,Enterprise,2026-03-08 20:27:36.989848,2026-04-16 20:27:36.989848
4698,Free,2026-03-18 20:27:36.989848,
4699,Free,2026-03-24 20:27:36.989848,
4700,Free,2026-04-16 20:27:36.989848,
4701,Pro,2026-02-19 20:27:36.989848,
4702,Free,2026-04-15 20:27:36.989848,
4703,Free,2026-03-27 20:27:36.989848,2026-04-11 20:27:36.989848
4704,Pro,2026-03-01 20:27:36.989848,
4705,Free,2026-04-01 20:27:36.989848,
4706,Free,2026-02-20 20:27:36.989848,
4707,Pro,2026-03-31 20:27:36.989848,
4708,Pro,2026-03-01 20:27:36.989848,
4709,Free,2026-02-27 20:27:36.989848,
4710,Free,2026-03-14 20:27:36.989848,
4711,Free,2026-03-30 20:27:36.989848,
4712,Pro,2026-03-25 20:27:36.989848,
4713,Free,2026-03-06 20:27:36.989848,
4714,Pro,2026-04-11 20:27:36.989848,
4715,Free,2026-03-06 20:27:36.989848,2026-04-15 20:27:36.989848
4716,Free,2026-04-19 20:27:36.989848,
4717,Free,2026-04-15 20:27:36.989848,
4718,Pro,2026-03-18 20:27:36.989848,
4719,Free,2026-02-19 20:27:36.989848,
4720,Pro,2026-03-15 20:27:36.989848,
4721,Free,2026-03-02 20:27:36.989848,
4722,Free,2026-03-04 20:27:36.989848,
4723,Pro,2026-03-25 20:27:36.989848,
4724,Free,2026-04-09 20:27:36.989848,
4725,Free,2026-04-10 20:27:36.989848,
4726,Free,2026-03-29 20:27:36.989848,
4727,Free,2026-04-06 20:27:36.989848,
4728,Free,2026-03-02 20:27:36.989848,2026-04-28 20:27:36.989848
4729,Free,2026-03-24 20:27:36.989848,
4730,Pro,2026-04-16 20:27:36.989848,
4731,Pro,2026-03-14 20:27:36.989848,
4732,Free,2026-03-23 20:27:36.989848,
4733,Free,2026-03-13 20:27:36.989848,
4734,Free,2026-03-14 20:27:36.989848,
4735,Free,2026-04-12 20:27:36.989848,
4736,Free,2026-04-07 20:27:36.989848,
4737,Free,2026-03-30 20:27:36.989848,
4738,Free,2026-02-20 20:27:36.989848,2026-03-02 20:27:36.989848
4739,Pro,2026-03-07 20:27:36.989848,
4740,Free,2026-03-18 20:27:36.989848,
4741,Enterprise,2026-04-14 20:27:36.989848,
4742,Free,2026-03-26 20:27:36.989848,
4743,Free,2026-04-09 20:27:36.989848,
4744,Free,2026-03-23 20:27:36.989848,
4745,Free,2026-02-21 20:27:36.989848,
4746,Pro,2026-04-18 20:27:36.989848,
4747,Pro,2026-04-13 20:27:36.989848,
4748,Free,2026-02-19 20:27:36.989848,2026-04-02 20:27:36.989848
4749,Pro,2026-03-13 20:27:36.989848,
4750,Free,2026-03-19 20:27:36.989848,
4751,Free,2026-04-13 20:27:36.989848,
4752,Free,2026-03-05 20:27:36.989848,2026-03-19 20:27:36.989848
4753,Free,2026-04-09 20:27:36.989848,
4754,Free,2026-02-20 20:27:36.989848,2026-03-14 20:27:36.989848
4755,Free,2026-03-20 20:27:36.989848,
4756,Free,2026-04-16 20:27:36.989848,
4757,Free,2026-04-15 20:27:36.989848,
4758,Free,2026-04-13 20:27:36.989848,
4759,Pro,2026-03-15 20:27:36.989848,
4760,Free,2026-04-19 20:27:36.989848,
4761,Pro,2026-03-29 20:27:36.989848,
4762,Free,2026-02-20 20:27:36.989848,
4763,Enterprise,2026-04-06 20:27:36.989848,
4764,Free,2026-04-10 20:27:36.989848,
4765,Free,2026-03-27 20:27:36.989848,
4766,Free,2026-03-29 20:27:36.989848,
4767,Pro,2026-03-06 20:27:36.989848,
4768,Free,2026-02-22 20:27:36.989848,
4769,Free,2026-03-04 20:27:36.989848,
4770,Free,2026-03-21 20:27:36.989848,
4771,Pro,2026-04-14 20:27:36.989848,2026-06-06 20:27:36.989848
4772,Free,2026-03-31 20:27:36.989848,
4773,Free,2026-02-28 20:27:36.989848,
4774,Free,2026-03-26 20:27:36.989848,
4775,Free,2026-04-04 20:27:36.989848,
4776,Free,2026-04-14 20:27:36.989848,
4777,Free,2026-04-19 20:27:36.989848,
4778,Free,2026-03-27 20:27:36.989848,
4779,Free,2026-03-03 20:27:36.989848,
4780,Pro,2026-02-26 20:27:36.989848,
4781,Free,2026-03-10 20:27:36.989848,
4782,Free,2026-03-01 20:27:36.989848,
4783,Pro,2026-03-17 20:27:36.989848,
4784,Pro,2026-03-13 20:27:36.989848,
4785,Pro,2026-03-18 20:27:36.989848,
4786,Pro,2026-04-13 20:27:36.989848,2026-05-04 20:27:36.989848
4787,Free,2026-03-04 20:27:36.989848,
4788,Pro,2026-02-26 20:27:36.989848,2026-04-04 20:27:36.989848
4789,Free,2026-03-01 20:27:36.989848,2026-04-03 20:27:36.989848
4790,Free,2026-03-16 20:27:36.989848,2026-04-28 20:27:36.989848
4791,Free,2026-03-18 20:27:36.989848,
4792,Pro,2026-04-10 20:27:36.989848,
4793,Free,2026-04-15 20:27:36.989848,
4794,Free,2026-03-19 20:27:36.989848,
4795,Free,2026-03-16 20:27:36.989848,
4796,Free,2026-02-25 20:27:36.989848,
4797,Free,2026-04-14 20:27:36.989848,
4798,Free,2026-04-10 20:27:36.989848,
4799,Free,2026-03-26 20:27:36.989848,2026-04-10 20:27:36.989848
4800,Free,2026-03-07 20:27:36.989848,
4801,Pro,2026-03-12 20:27:36.989848,
4802,Free,2026-03-14 20:27:36.989848,2026-04-11 20:27:36.989848
4803,Free,2026-02-28 20:27:36.989848,
4804,Free,2026-02-19 20:27:36.989848,2026-04-05 20:27:36.989848
4805,Pro,2026-04-19 20:27:36.989848,
4806,Pro,2026-03-10 20:27:36.989848,
4807,Free,2026-03-26 20:27:36.989848,
4808,Free,2026-02-19 20:27:36.989848,
4809,Free,2026-03-09 20:27:36.989848,
4810,Free,2026-03-03 20:27:36.989848,
4811,Free,2026-03-27 20:27:36.989848,
4812,Pro,2026-03-19 20:27:36.989848,
4813,Pro,2026-02-27 20:27:36.989848,
4814,Free,2026-02-26 20:27:36.989848,
4815,Free,2026-03-03 20:27:36.989848,
4816,Free,2026-03-08 20:27:36.989848,
4817,Pro,2026-03-16 20:27:36.989848,
4818,Free,2026-04-15 20:27:36.989848,2026-06-12 20:27:36.989848
4819,Free,2026-03-25 20:27:36.989848,
4820,Pro,2026-03-21 20:27:36.989848,
4821,Pro,2026-04-10 20:27:36.989848,
4822,Pro,2026-03-22 20:27:36.989848,
4823,Pro,2026-02-24 20:27:36.989848,
4824,Pro,2026-04-01 20:27:36.989848,
4825,Free,2026-03-24 20:27:36.989848,2026-05-07 20:27:36.989848
4826,Free,2026-02-22 20:27:36.989848,
4827,Pro,2026-02-24 20:27:36.989848,
4828,Pro,2026-04-12 20:27:36.989848,
4829,Pro,2026-04-07 20:27:36.989848,
4830,Pro,2026-02-24 20:27:36.989848,
4831,Pro,2026-03-22 20:27:36.989848,
4832,Pro,2026-03-05 20:27:36.989848,
4833,Free,2026-03-18 20:27:36.989848,
4834,Free,2026-02-27 20:27:36.989848,
4835,Free,2026-04-04 20:27:36.989848,
4836,Pro,2026-04-10 20:27:36.989848,
4837,Free,2026-04-01 20:27:36.989848,
4838,Pro,2026-03-08 20:27:36.989848,
4839,Pro,2026-02-21 20:27:36.989848,
4840,Free,2026-04-05 20:27:36.989848,
4841,Free,2026-02-25 20:27:36.989848,
4842,Free,2026-04-01 20:27:36.989848,
4843,Pro,2026-03-19 20:27:36.989848,
4844,Pro,2026-03-16 20:27:36.989848,
4845,Free,2026-02-23 20:27:36.989848,
4846,Pro,2026-04-16 20:27:36.989848,
4847,Pro,2026-03-16 20:27:36.989848,
4848,Free,2026-02-20 20:27:36.989848,
4849,Free,2026-03-13 20:27:36.989848,
4850,Free,2026-03-09 20:27:36.989848,
4851,Free,2026-03-05 20:27:36.989848,
4852,Pro,2026-04-02 20:27:36.989848,2026-04-15 20:27:36.989848
4853,Free,2026-03-23 20:27:36.989848,
4854,Pro,2026-04-01 20:27:36.989848,
4855,Free,2026-02-25 20:27:36.989848,
4856,Free,2026-03-21 20:27:36.989848,
4857,Pro,2026-03-25 20:27:36.989848,2026-04-05 20:27:36.989848
4858,Pro,2026-04-12 20:27:36.989848,
4859,Pro,2026-02-26 20:27:36.989848,
4860,Free,2026-03-26 20:27:36.989848,
4861,Free,2026-04-12 20:27:36.989848,
4862,Free,2026-03-09 20:27:36.989848,
4863,Pro,2026-03-07 20:27:36.989848,
4864,Pro,2026-03-07 20:27:36.989848,
4865,Free,2026-03-28 20:27:36.989848,
4866,Free,2026-04-09 20:27:36.989848,
4867,Pro,2026-03-13 20:27:36.989848,
4868,Free,2026-04-13 20:27:36.989848,
4869,Free,2026-02-22 20:27:36.989848,2026-03-01 20:27:36.989848
4870,Pro,2026-04-10 20:27:36.989848,
4871,Free,2026-04-09 20:27:36.989848,
4872,Free,2026-04-08 20:27:36.989848,
4873,Free,2026-02-25 20:27:36.989848,
4874,Enterprise,2026-02-19 20:27:36.989848,
4875,Free,2026-04-11 20:27:36.989848,
4876,Free,2026-03-30 20:27:36.989848,
4877,Pro,2026-04-17 20:27:36.989848,
4878,Pro,2026-03-14 20:27:36.989848,
4879,Free,2026-03-17 20:27:36.989848,
4880,Free,2026-04-09 20:27:36.989848,2026-05-21 20:27:36.989848
4881,Free,2026-03-27 20:27:36.989848,
4882,Free,2026-04-05 20:27:36.989848,
4883,Free,2026-04-18 20:27:36.989848,
4884,Free,2026-04-07 20:27:36.989848,2026-05-03 20:27:36.989848
4885,Pro,2026-03-05 20:27:36.989848,
4886,Pro,2026-04-09 20:27:36.989848,
4887,Free,2026-04-17 20:27:36.989848,
4888,Free,2026-04-13 20:27:36.989848,
4889,Free,2026-04-11 20:27:36.989848,
4890,Pro,2026-03-08 20:27:36.989848,
4891,Free,2026-02-28 20:27:36.989848,
4892,Pro,2026-02-22 20:27:36.989848,2026-04-17 20:27:36.989848
4893,Free,2026-04-12 20:27:36.989848,
4894,Pro,2026-03-08 20:27:36.989848,
4895,Free,2026-04-18 20:27:36.989848,
4896,Pro,2026-02-21 20:27:36.989848,
4897,Free,2026-03-28 20:27:36.989848,
4898,Free,2026-03-17 20:27:36.989848,
4899,Pro,2026-04-15 20:27:36.989848,
4900,Pro,2026-03-17 20:27:36.989848,
4901,Pro,2026-03-11 20:27:36.989848,
4902,Free,2026-03-21 20:27:36.989848,
4903,Pro,2026-02-27 20:27:36.989848,
4904,Free,2026-03-18 20:27:36.989848,
4905,Free,2026-02-19 20:27:36.989848,
4906,Free,2026-03-24 20:27:36.989848,
4907,Pro,2026-03-24 20:27:36.989848,
4908,Pro,2026-02-27 20:27:36.989848,2026-03-15 20:27:36.989848
4909,Free,2026-02-20 20:27:36.989848,
4910,Pro,2026-04-02 20:27:36.989848,
4911,Free,2026-03-18 20:27:36.989848,
4912,Free,2026-04-09 20:27:36.989848,
4913,Pro,2026-02-21 20:27:36.989848,
4914,Free,2026-03-27 20:27:36.989848,
4915,Pro,2026-02-28 20:27:36.989848,
4916,Pro,2026-02-23 20:27:36.989848,
4917,Pro,2026-03-16 20:27:36.989848,
4918,Pro,2026-03-15 20:27:36.989848,
4919,Free,2026-04-07 20:27:36.989848,2026-05-09 20:27:36.989848
4920,Free,2026-04-19 20:27:36.989848,
4921,Free,2026-02-24 20:27:36.989848,
4922,Pro,2026-04-13 20:27:36.989848,
4923,Pro,2026-03-13 20:27:36.989848,
4924,Free,2026-03-14 20:27:36.989848,
4925,Free,2026-03-14 20:27:36.989848,
4926,Pro,2026-04-14 20:27:36.989848,
4927,Free,2026-03-18 20:27:36.989848,
4928,Free,2026-04-13 20:27:36.989848,2026-04-27 20:27:36.989848
4929,Free,2026-03-18 20:27:36.989848,
4930,Pro,2026-03-15 20:27:36.989848,
4931,Free,2026-03-31 20:27:36.989848,
4932,Free,2026-04-04 20:27:36.989848,
4933,Free,2026-03-26 20:27:36.989848,2026-05-03 20:27:36.989848
4934,Free,2026-04-03 20:27:36.989848,
4935,Free,2026-03-05 20:27:36.989848,
4936,Pro,2026-04-11 20:27:36.989848,
4937,Free,2026-04-12 20:27:36.989848,2026-05-20 20:27:36.989848
4938,Free,2026-03-10 20:27:36.989848,2026-04-08 20:27:36.989848
4939,Free,2026-02-21 20:27:36.989848,
4940,Pro,2026-04-08 20:27:36.989848,
4941,Pro,2026-03-04 20:27:36.989848,2026-03-31 20:27:36.989848
4942,Enterprise,2026-02-24 20:27:36.989848,
4943,Free,2026-02-22 20:27:36.989848,
4944,Pro,2026-03-24 20:27:36.989848,
4945,Free,2026-04-18 20:27:36.989848,
4946,Free,2026-03-28 20:27:36.989848,
4947,Pro,2026-04-16 20:27:36.989848,
4948,Free,2026-02-28 20:27:36.989848,
4949,Pro,2026-03-04 20:27:36.989848,2026-05-01 20:27:36.989848
4950,Pro,2026-03-09 20:27:36.989848,
4951,Pro,2026-03-03 20:27:36.989848,
4952,Free,2026-03-06 20:27:36.989848,2026-05-03 20:27:36.989848
4953,Pro,2026-04-15 20:27:36.989848,2026-05-13 20:27:36.989848
4954,Enterprise,2026-03-01 20:27:36.989848,
4955,Enterprise,2026-02-27 20:27:36.989848,
4956,Free,2026-02-22 20:27:36.989848,
4957,Free,2026-03-31 20:27:36.989848,
4958,Pro,2026-04-07 20:27:36.989848,
4959,Free,2026-03-27 20:27:36.989848,
4960,Pro,2026-04-02 20:27:36.989848,
4961,Free,2026-03-01 20:27:36.989848,2026-04-20 20:27:36.989848
4962,Free,2026-04-17 20:27:36.989848,
4963,Free,2026-02-28 20:27:36.989848,
4964,Free,2026-03-29 20:27:36.989848,2026-05-05 20:27:36.989848
4965,Free,2026-03-25 20:27:36.989848,
4966,Free,2026-03-23 20:27:36.989848,
4967,Free,2026-02-27 20:27:36.989848,
4968,Pro,2026-02-23 20:27:36.989848,
4969,Free,2026-03-15 20:27:36.989848,
4970,Enterprise,2026-04-05 20:27:36.989848,
4971,Pro,2026-03-30 20:27:36.989848,
4972,Free,2026-03-16 20:27:36.989848,
4973,Pro,2026-04-19 20:27:36.989848,2026-05-31 20:27:36.989848
4974,Free,2026-04-13 20:27:36.989848,
4975,Free,2026-03-26 20:27:36.989848,
4976,Enterprise,2026-03-11 20:27:36.989848,
4977,Free,2026-04-02 20:27:36.989848,
4978,Free,2026-03-11 20:27:36.989848,
4979,Pro,2026-03-14 20:27:36.989848,
4980,Free,2026-03-21 20:27:36.989848,
4981,Free,2026-02-21 20:27:36.989848,
4982,Pro,2026-03-02 20:27:36.989848,
4983,Pro,2026-03-05 20:27:36.989848,
4984,Pro,2026-03-04 20:27:36.989848,
4985,Enterprise,2026-04-13 20:27:36.989848,
4986,Free,2026-03-04 20:27:36.989848,
4987,Free,2026-04-19 20:27:36.989848,
4988,Free,2026-02-20 20:27:36.989848,
4989,Free,2026-03-14 20:27:36.989848,2026-05-04 20:27:36.989848
4990,Free,2026-02-20 20:27:36.989848,
4991,Pro,2026-04-08 20:27:36.989848,
4992,Free,2026-03-28 20:27:36.989848,
4993,Enterprise,2026-03-03 20:27:36.989848,2026-03-23 20:27:36.989848
4994,Free,2026-02-21 20:27:36.989848,2026-02-28 20:27:36.989848
4995,Free,2026-03-03 20:27:36.989848,
4996,Free,2026-02-28 20:27:36.989848,
4997,Free,2026-02-25 20:27:36.989848,2026-03-05 20:27:36.989848
4998,Pro,2026-04-06 20:27:36.989848,2026-05-21 20:27:36.989848
4999,Free,2026-03-05 20:27:36.989848,
